"fantasyPointsRank","playerName","teamName","position","byeWeek","games","fantasyPoints","auctionValue","passComp","passAtt","passYds","passTd","passInt","passSacked","rushAtt","rushYds","rushTd","recvTargets","recvReceptions","recvYds","recvTd","fumbles","fumblesLost","twoPt","returnYds","returnTd","fgMade019","fgAtt019","fgMade2029","fgAtt2029","fgMade3039","fgAtt3039","fgMade4049","fgAtt4049","fgMade50plus","fgAtt50plus","patMade","patAtt","dstSacks","dstSafeties","dstInt","dstFumblesForced","dstFumblesRecovered","dstTd","dstReturnYds","dstReturnTd","dstPts0","dstPts16","dstPts713","dstPts1420","dstPts2127","dstPts2834","dstPts35plus","idpTacklesSolo","idpTacklesAssist","idpSacks","idpTacklesForLoss","idpPassDefended","idpInt","idpFumblesForced","idpFumblesRecovered","idpSafeties","idpTd"
"1","Jahmyr Gibbs","DET","rb","6","17","345.3","60","0","0","0","0","0","0","284.925","1297.6131","12.2749","88.9436","72.7145","517.5053","3.0516","4.6373","2.1279","0.635","0","0","0","0","0","0","0","0","0","0","0","0","0","0","0","0","0","0","0","0","0","0","0","0","0","0","0","0","0","0","0","0","0","0","0","0","0","0","0"
"2","Bijan Robinson","ATL","rb","11","17","337.5","58","0","0","0","0","0","0","259.2866","1176.388","8.5434","107.4973","86.5277","630.7588","3.3163","4.4395","2.0575","0.5706","0","0","0","0","0","0","0","0","0","0","0","0","0","0","0","0","0","0","0","0","0","0","0","0","0","0","0","0","0","0","0","0","0","0","0","0","0","0","0"
"3","Christian McCaffrey","SF","rb","8","17","325.8","55","0","0","0","0","0","0","257.1668","1090.4549","8.4272","95.1809","78.8426","623.9451","4.2912","4.3279","1.9992","0.5911","0","0","0","0","0","0","0","0","0","0","0","0","0","0","0","0","0","0","0","0","0","0","0","0","0","0","0","0","0","0","0","0","0","0","0","0","0","0","0"
"4","Jonathan Taylor","IND","rb","13","17","320.7","54","0","0","0","0","0","0","322.5842","1459.6662","13.9606","60.7174","49.9027","336.1598","1.4225","4.9007","2.2162","0.5507","0","0","0","0","0","0","0","0","0","0","0","0","0","0","0","0","0","0","0","0","0","0","0","0","0","0","0","0","0","0","0","0","0","0","0","0","0","0","0"
"5","James Cook","BUF","rb","7","17","287.9","46","0","0","0","0","0","0","303.1498","1382.0892","11.9191","49.147","39.71","292.2377","1.6966","4.528","2.0399","0.549","0","0","0","0","0","0","0","0","0","0","0","0","0","0","0","0","0","0","0","0","0","0","0","0","0","0","0","0","0","0","0","0","0","0","0","0","0","0","0"
"6","De'Von Achane","MIA","rb","6","17","285.2","45","0","0","0","0","0","0","241.1542","1162.8633","8.6106","73.604","59.8482","429.8845","2.559","3.9066","1.7909","0.4468","0","0","0","0","0","0","0","0","0","0","0","0","0","0","0","0","0","0","0","0","0","0","0","0","0","0","0","0","0","0","0","0","0","0","0","0","0","0","0"
"7","Ashton Jeanty","LV","rb","13","17","277.1","43","0","0","0","0","0","0","293.8668","1225.213","7.2238","70.3499","58.5592","397.6477","2.3341","4.6056","2.0968","0.4923","0","0","0","0","0","0","0","0","0","0","0","0","0","0","0","0","0","0","0","0","0","0","0","0","0","0","0","0","0","0","0","0","0","0","0","0","0","0","0"
"8","Puka Nacua","LA","wr","11","17","324.3","42","0","0","0","0","0","0","11.9534","72.7456","0.6245","173.177","125.3121","1420.4708","7.6125","1.5125","0.8166","0.5103","0","0","0","0","0","0","0","0","0","0","0","0","0","0","0","0","0","0","0","0","0","0","0","0","0","0","0","0","0","0","0","0","0","0","0","0","0","0","0"
"9","Ja'Marr Chase","CIN","wr","6","17","324.2","42","0","0","0","0","0","0","2.1693","12.9695","0.065","174.377","123.1339","1417.0104","9.5779","1.3567","0.7455","0.4712","0","0","0","0","0","0","0","0","0","0","0","0","0","0","0","0","0","0","0","0","0","0","0","0","0","0","0","0","0","0","0","0","0","0","0","0","0","0","0"
"10","Jaxon Smith-Njigba","SEA","wr","11","17","317.6","40","0","0","0","0","0","0","3.5285","21.1108","0.1013","172.3188","122.617","1399.6326","8.6705","1.3695","0.7505","0.4964","0","0","0","0","0","0","0","0","0","0","0","0","0","0","0","0","0","0","0","0","0","0","0","0","0","0","0","0","0","0","0","0","0","0","0","0","0","0","0"
"11","Kenneth Walker III","KC","rb","5","17","263.8","39","0","0","0","0","0","0","263.7884","1147.6358","8.4902","63.2115","53.0671","372.8292","1.4358","4.1397","1.8852","0.522","0","0","0","0","0","0","0","0","0","0","0","0","0","0","0","0","0","0","0","0","0","0","0","0","0","0","0","0","0","0","0","0","0","0","0","0","0","0","0"
"12","Josh Jacobs","GB","rb","11","17","260.9","39","0","0","0","0","0","0","287.3912","1222.5763","11.2505","46.7822","38.7176","263.4199","1.1733","4.3042","1.9403","0.4852","0","0","0","0","0","0","0","0","0","0","0","0","0","0","0","0","0","0","0","0","0","0","0","0","0","0","0","0","0","0","0","0","0","0","0","0","0","0","0"
"13","Chase Brown","CIN","rb","6","17","258.4","38","0","0","0","0","0","0","211.1478","923.758","6.2028","79.1453","64.4235","453.6384","3.2621","3.5501","1.6396","0.536","0","0","0","0","0","0","0","0","0","0","0","0","0","0","0","0","0","0","0","0","0","0","0","0","0","0","0","0","0","0","0","0","0","0","0","0","0","0","0"
"14","Saquon Barkley","PHI","rb","10","17","257.8","38","0","0","0","0","0","0","256.9391","1140.993","8.6693","58.6485","47.4889","332.7227","1.956","3.9869","1.8113","0.4922","0","0","0","0","0","0","0","0","0","0","0","0","0","0","0","0","0","0","0","0","0","0","0","0","0","0","0","0","0","0","0","0","0","0","0","0","0","0","0"
"15","Jeremiyah Love","ARZ","rb","14","17","253.2","37","0","0","0","0","0","0","272.6906","1200.4088","9.3827","51.1816","40.7793","280.2996","1.5075","4.1276","1.8651","0.4576","0","0","0","0","0","0","0","0","0","0","0","0","0","0","0","0","0","0","0","0","0","0","0","0","0","0","0","0","0","0","0","0","0","0","0","0","0","0","0"
"16","Derrick Henry","BLT","rb","13","17","251.7","36","0","0","0","0","0","0","283.8259","1355.0015","12.2686","26.8562","22.061","159.2226","0.9127","4.0764","1.82","0.4507","0","0","0","0","0","0","0","0","0","0","0","0","0","0","0","0","0","0","0","0","0","0","0","0","0","0","0","0","0","0","0","0","0","0","0","0","0","0","0"
"17","Justin Jefferson","MIN","wr","6","17","291.4","34","0","0","0","0","0","0","0","0","0","174.115","114.6473","1305.6967","7.5525","0","0","0.4429","0","0","0","0","0","0","0","0","0","0","0","0","0","0","0","0","0","0","0","0","0","0","0","0","0","0","0","0","0","0","0","0","0","0","0","0","0","0","0"
"18","Amon-Ra St. Brown","DET","wr","6","17","291.3","34","0","0","0","0","0","0","1.7642","10.7751","0.0787","152.7255","115.1154","1245.6641","8.3027","1.2648","0.6954","0.4635","0","0","0","0","0","0","0","0","0","0","0","0","0","0","0","0","0","0","0","0","0","0","0","0","0","0","0","0","0","0","0","0","0","0","0","0","0","0","0"
"19","Omarion Hampton","LAC","rb","7","17","240.6","34","0","0","0","0","0","0","222.3422","943.7381","6.4985","68.4146","57.4708","393.1074","1.8844","3.6266","1.6648","0.4156","0","0","0","0","0","0","0","0","0","0","0","0","0","0","0","0","0","0","0","0","0","0","0","0","0","0","0","0","0","0","0","0","0","0","0","0","0","0","0"
"20","Kyren Williams","LA","rb","11","17","240.1","33","0","0","0","0","0","0","240.3488","1066.1177","8.5972","50.8632","40.241","295.8267","2.1393","3.6844","1.6694","0.4579","0","0","0","0","0","0","0","0","0","0","0","0","0","0","0","0","0","0","0","0","0","0","0","0","0","0","0","0","0","0","0","0","0","0","0","0","0","0","0"
"21","Breece Hall","NYJ","rb","13","17","238.5","33","0","0","0","0","0","0","250.0996","1087.9608","6.3932","58.336","47.4922","343.192","1.7491","3.8944","1.7706","0.3952","0","0","0","0","0","0","0","0","0","0","0","0","0","0","0","0","0","0","0","0","0","0","0","0","0","0","0","0","0","0","0","0","0","0","0","0","0","0","0"
"22","Javonte Williams","DAL","rb","14","17","236.8","33","0","0","0","0","0","0","273.9059","1188.5349","9.3756","39.5137","32.9859","218.3247","1.2899","4.06","1.8259","0.4577","0","0","0","0","0","0","0","0","0","0","0","0","0","0","0","0","0","0","0","0","0","0","0","0","0","0","0","0","0","0","0","0","0","0","0","0","0","0","0"
"23","Bucky Irving","TB","rb","10","17","236.2","32","0","0","0","0","0","0","258.3258","1106.3728","7.3839","50.7609","42.2176","298.0718","1.6885","3.9488","1.7882","0.4341","0","0","0","0","0","0","0","0","0","0","0","0","0","0","0","0","0","0","0","0","0","0","0","0","0","0","0","0","0","0","0","0","0","0","0","0","0","0","0"
"24","Drake London","ATL","wr","11","17","285.9","32","0","0","0","0","0","0","0","0","0","166.0237","108.1525","1268.3867","8.3394","0","0","0.4143","0","0","0","0","0","0","0","0","0","0","0","0","0","0","0","0","0","0","0","0","0","0","0","0","0","0","0","0","0","0","0","0","0","0","0","0","0","0","0"
"25","Travis Etienne Jr.","NO","rb","8","17","235.8","32","0","0","0","0","0","0","252.1727","1084.9153","6.4315","55.6221","46.3455","308.9175","2.0861","3.9101","1.7761","0.3804","0","0","0","0","0","0","0","0","0","0","0","0","0","0","0","0","0","0","0","0","0","0","0","0","0","0","0","0","0","0","0","0","0","0","0","0","0","0","0"
"26","CeeDee Lamb","DAL","wr","14","17","285.6","32","0","0","0","0","0","0","3.3001","19.7591","0.1391","161.0943","109.1008","1261.7895","7.8828","1.2207","0.6687","0.4403","0","0","0","0","0","0","0","0","0","0","0","0","0","0","0","0","0","0","0","0","0","0","0","0","0","0","0","0","0","0","0","0","0","0","0","0","0","0","0"
"27","Rashee Rice","KC","wr","5","17","271","29","0","0","0","0","0","0","7.0196","41.1291","0.3667","151.9507","112.1923","1046.7338","7.958","1.3043","0.7092","0.4012","0","0","0","0","0","0","0","0","0","0","0","0","0","0","0","0","0","0","0","0","0","0","0","0","0","0","0","0","0","0","0","0","0","0","0","0","0","0","0"
"28","Quinshon Judkins","CLV","rb","11","17","219.8","28","0","0","0","0","0","0","275.6871","1151.6458","6.8323","44.2092","35.712","239.6416","0.8485","4.1135","1.8527","0.3658","0","0","0","0","0","0","0","0","0","0","0","0","0","0","0","0","0","0","0","0","0","0","0","0","0","0","0","0","0","0","0","0","0","0","0","0","0","0","0"
"29","Cam Skattebo","NYG","rb","8","17","211.5","26","0","0","0","0","0","0","210.271","896.9574","7.3482","51.7871","41.3343","282.9393","1.4789","3.2894","1.497","0.3779","0","0","0","0","0","0","0","0","0","0","0","0","0","0","0","0","0","0","0","0","0","0","0","0","0","0","0","0","0","0","0","0","0","0","0","0","0","0","0"
"30","Trey McBride","ARZ","te","14","17","247.2","25","0","0","0","0","0","0","0","0","0","143.4274","105.8976","993.3178","6.8874","0","0","0.346","0","0","0","0","0","0","0","0","0","0","0","0","0","0","0","0","0","0","0","0","0","0","0","0","0","0","0","0","0","0","0","0","0","0","0","0","0","0","0"
"31","TreVeyon Henderson","NE","rb","11","17","205.5","25","0","0","0","0","0","0","196.5297","829.3078","6.5103","52.9374","43.6848","308.0155","1.6061","3.1289","1.4292","0.3857","0","0","0","0","0","0","0","0","0","0","0","0","0","0","0","0","0","0","0","0","0","0","0","0","0","0","0","0","0","0","0","0","0","0","0","0","0","0","0"
"32","D'Andre Swift","CHI","rb","10","17","203.9","24","0","0","0","0","0","0","222.7295","963.9791","7.1252","44.0621","35.5344","240.9051","0.9931","3.3954","1.5366","0.348","0","0","0","0","0","0","0","0","0","0","0","0","0","0","0","0","0","0","0","0","0","0","0","0","0","0","0","0","0","0","0","0","0","0","0","0","0","0","0"
"33","Nico Collins","HST","wr","8","17","253.1","24","0","0","0","0","0","0","0.8663","5.0387","0.041","145.91","92.4983","1190.8779","6.7647","1.0088","0.5555","0.36","0","0","0","0","0","0","0","0","0","0","0","0","0","0","0","0","0","0","0","0","0","0","0","0","0","0","0","0","0","0","0","0","0","0","0","0","0","0","0"
"34","Malik Nabers","NYG","wr","8","17","248","23","0","0","0","0","0","0","3.331","19.9155","0.142","148.7501","93.9802","1112.4658","6.623","1.0581","0.5789","0.4022","0","0","0","0","0","0","0","0","0","0","0","0","0","0","0","0","0","0","0","0","0","0","0","0","0","0","0","0","0","0","0","0","0","0","0","0","0","0","0"
"35","David Montgomery","HST","rb","8","17","197.9","23","0","0","0","0","0","0","246.9093","1072.3203","7.5259","30.6581","25.0029","176.7459","0.629","3.6088","1.6178","0.3311","0","0","0","0","0","0","0","0","0","0","0","0","0","0","0","0","0","0","0","0","0","0","0","0","0","0","0","0","0","0","0","0","0","0","0","0","0","0","0"
"36","Jadarian Price","SEA","rb","11","17","196.9","23","0","0","0","0","0","0","205.9418","901.4015","7.191","40.7399","33.0852","235.9769","1.2761","3.1419","1.4222","0.3519","0","0","0","0","0","0","0","0","0","0","0","0","0","0","0","0","0","0","0","0","0","0","0","0","0","0","0","0","0","0","0","0","0","0","0","0","0","0","0"
"37","A.J. Brown","NE","wr","11","17","245.3","22","0","0","0","0","0","0","0","0","0","136.1248","88.3555","1120.6167","7.3497","0","0","0.3906","0","0","0","0","0","0","0","0","0","0","0","0","0","0","0","0","0","0","0","0","0","0","0","0","0","0","0","0","0","0","0","0","0","0","0","0","0","0","0"
"38","George Pickens","DAL","wr","14","17","243.2","22","0","0","0","0","0","0","0","0","0","134.9545","87.6964","1110.3057","7.2927","0","0","0.3653","0","0","0","0","0","0","0","0","0","0","0","0","0","0","0","0","0","0","0","0","0","0","0","0","0","0","0","0","0","0","0","0","0","0","0","0","0","0","0"
"39","Rhamondre Stevenson","NE","rb","11","17","192.4","21","0","0","0","0","0","0","176.4586","754.9044","5.5503","51.3169","41.7751","308.3314","1.9249","2.8368","1.2984","0.3572","0","0","0","0","0","0","0","0","0","0","0","0","0","0","0","0","0","0","0","0","0","0","0","0","0","0","0","0","0","0","0","0","0","0","0","0","0","0","0"
"40","Brock Bowers","LV","te","13","17","232.7","21","0","0","0","0","0","0","3.1641","17.7371","0.1157","129.3531","97.0349","942.6586","6.4835","1.0888","0.5961","0.3131","0","0","0","0","0","0","0","0","0","0","0","0","0","0","0","0","0","0","0","0","0","0","0","0","0","0","0","0","0","0","0","0","0","0","0","0","0","0","0"
"41","Chris Olave","NO","wr","8","17","241.9","21","0","0","0","0","0","0","0","0","0","143.5959","92.5445","1110.4443","6.2821","0","0","0.3319","0","0","0","0","0","0","0","0","0","0","0","0","0","0","0","0","0","0","0","0","0","0","0","0","0","0","0","0","0","0","0","0","0","0","0","0","0","0","0"
"42","DeVonta Smith","PHI","wr","10","17","239.8","21","0","0","0","0","0","0","0","0","0","136.1292","94.2867","1075.783","6.1826","0","0","0.4182","0","0","0","0","0","0","0","0","0","0","0","0","0","0","0","0","0","0","0","0","0","0","0","0","0","0","0","0","0","0","0","0","0","0","0","0","0","0","0"
"43","Tetairoa McMillan","CAR","wr","5","17","238","20","0","0","0","0","0","0","0","0","0","144.4186","89.6597","1079.9579","6.6075","0","0","0.3454","0","0","0","0","0","0","0","0","0","0","0","0","0","0","0","0","0","0","0","0","0","0","0","0","0","0","0","0","0","0","0","0","0","0","0","0","0","0","0"
"44","Garrett Wilson","NYJ","wr","13","17","232.9","19","0","0","0","0","0","0","0","0","0","137.6275","92.5506","1038.8993","5.9649","0","0","0.3114","0","0","0","0","0","0","0","0","0","0","0","0","0","0","0","0","0","0","0","0","0","0","0","0","0","0","0","0","0","0","0","0","0","0","0","0","0","0","0"
"45","Bhayshul Tuten","JAX","rb","7","17","182.8","19","0","0","0","0","0","0","175.9021","747.732","6.0427","46.7788","37.3245","256.2625","1.5691","2.7813","1.2686","0.3464","0","0","0","0","0","0","0","0","0","0","0","0","0","0","0","0","0","0","0","0","0","0","0","0","0","0","0","0","0","0","0","0","0","0","0","0","0","0","0"
"46","Chuba Hubbard","CAR","rb","5","17","182.5","19","0","0","0","0","0","0","211.828","887.6003","5.9561","37.6263","31.1016","205.5139","1.1974","3.2001","1.4454","0.3083","0","0","0","0","0","0","0","0","0","0","0","0","0","0","0","0","0","0","0","0","0","0","0","0","0","0","0","0","0","0","0","0","0","0","0","0","0","0","0"
"47","Zay Flowers","BLT","wr","13","17","232.3","19","0","0","0","0","0","0","8.7872","55.2661","0.3232","122.6263","85.0341","1045.3923","5.8266","1.0355","0.5582","0.43","0","0","0","0","0","0","0","0","0","0","0","0","0","0","0","0","0","0","0","0","0","0","0","0","0","0","0","0","0","0","0","0","0","0","0","0","0","0","0"
"48","Tee Higgins","CIN","wr","6","17","231.9","19","0","0","0","0","0","0","0","0","0","124.8308","80.1549","993.8143","8.6237","0","0","0.3349","0","0","0","0","0","0","0","0","0","0","0","0","0","0","0","0","0","0","0","0","0","0","0","0","0","0","0","0","0","0","0","0","0","0","0","0","0","0","0"
"49","Ladd McConkey","LAC","wr","7","17","231.8","19","0","0","0","0","0","0","0","0","0","131.7405","89.0526","1039.6007","6.3552","0","0","0.3352","0","0","0","0","0","0","0","0","0","0","0","0","0","0","0","0","0","0","0","0","0","0","0","0","0","0","0","0","0","0","0","0","0","0","0","0","0","0","0"
"50","Tony Pollard","TEN","rb","9","17","181.3","19","0","0","0","0","0","0","246.3586","1044.5291","6.5074","27.3024","21.6753","142.2269","0.4831","3.5655","1.5947","0.2983","0","0","0","0","0","0","0","0","0","0","0","0","0","0","0","0","0","0","0","0","0","0","0","0","0","0","0","0","0","0","0","0","0","0","0","0","0","0","0"
"51","Jaylen Warren","PIT","rb","9","17","175","17","0","0","0","0","0","0","130.7599","574.7937","4.0222","59.4299","50.1401","332.6653","1.7385","2.309","1.0763","0.3081","0","0","0","0","0","0","0","0","0","0","0","0","0","0","0","0","0","0","0","0","0","0","0","0","0","0","0","0","0","0","0","0","0","0","0","0","0","0","0"
"52","Davante Adams","LA","wr","11","17","224.6","17","0","0","0","0","0","0","0","0","0","123.5249","77.1336","973.1292","8.2361","0","0","0.3529","0","0","0","0","0","0","0","0","0","0","0","0","0","0","0","0","0","0","0","0","0","0","0","0","0","0","0","0","0","0","0","0","0","0","0","0","0","0","0"
"53","Rico Dowdle","PIT","rb","9","17","171.8","16","0","0","0","0","0","0","190.5136","817.6969","5.2206","37.6586","30.7942","205.7434","1.3303","2.9086","1.3167","0.3264","0","0","0","0","0","0","0","0","0","0","0","0","0","0","0","0","0","0","0","0","0","0","0","0","0","0","0","0","0","0","0","0","0","0","0","0","0","0","0"
"54","Emeka Egbuka","TB","wr","10","17","221.4","16","0","0","0","0","0","0","0.8611","5.1022","0.029","133.6703","79.7649","989.1257","6.9566","0.8715","0.4797","0.3651","0","0","0","0","0","0","0","0","0","0","0","0","0","0","0","0","0","0","0","0","0","0","0","0","0","0","0","0","0","0","0","0","0","0","0","0","0","0","0"
"55","Sam LaPorta","DET","te","6","17","211.9","16","0","0","0","0","0","0","0","0","0","111.7646","85.6105","841.2941","6.9153","0","0","0.3375","0","0","0","0","0","0","0","0","0","0","0","0","0","0","0","0","0","0","0","0","0","0","0","0","0","0","0","0","0","0","0","0","0","0","0","0","0","0","0"
"56","RJ Harvey","DEN","rb","10","17","170.8","16","0","0","0","0","0","0","125.2613","525.1349","3.7882","61.3302","48.727","339.5862","2.2203","2.2194","1.0352","0.2939","0","0","0","0","0","0","0","0","0","0","0","0","0","0","0","0","0","0","0","0","0","0","0","0","0","0","0","0","0","0","0","0","0","0","0","0","0","0","0"
"57","Jameson Williams","DET","wr","6","17","219.6","16","0","0","0","0","0","0","8.3801","51.1818","0.4128","116.4459","75.2443","1018.5918","5.7809","0.9244","0.4975","0.3624","0","0","0","0","0","0","0","0","0","0","0","0","0","0","0","0","0","0","0","0","0","0","0","0","0","0","0","0","0","0","0","0","0","0","0","0","0","0","0"
"58","Colston Loveland","CHI","te","10","17","209.9","16","0","0","0","0","0","0","0.4518","2.7023","0.0218","126.5374","84.3504","874.5941","6.2629","0.9154","0.5045","0.3304","0","0","0","0","0","0","0","0","0","0","0","0","0","0","0","0","0","0","0","0","0","0","0","0","0","0","0","0","0","0","0","0","0","0","0","0","0","0","0"
"59","Terry McLaurin","WAS","wr","7","17","218.6","15","0","0","0","0","0","0","0","0","0","124.5678","80.1642","968.854","6.82","0","0","0.3389","0","0","0","0","0","0","0","0","0","0","0","0","0","0","0","0","0","0","0","0","0","0","0","0","0","0","0","0","0","0","0","0","0","0","0","0","0","0","0"
"60","Carnell Tate","TEN","wr","9","17","218.5","15","0","0","0","0","0","0","0","0","0","134.8057","85.2421","989.8726","5.6157","0","0","0.28","0","0","0","0","0","0","0","0","0","0","0","0","0","0","0","0","0","0","0","0","0","0","0","0","0","0","0","0","0","0","0","0","0","0","0","0","0","0","0"
"61","DJ Moore","BUF","wr","7","17","216.2","15","0","0","0","0","0","0","6.619","40.5853","0.2755","115.4125","78.0072","945.1482","6.2906","0.9304","0.5035","0.3793","0","0","0","0","0","0","0","0","0","0","0","0","0","0","0","0","0","0","0","0","0","0","0","0","0","0","0","0","0","0","0","0","0","0","0","0","0","0","0"
"62","Tucker Kraft","GB","te","11","17","206.3","15","0","0","0","0","0","0","2.1871","13.0696","0.0768","108.0446","82.4348","796.9364","7.0519","0.9182","0.5034","0.3219","0","0","0","0","0","0","0","0","0","0","0","0","0","0","0","0","0","0","0","0","0","0","0","0","0","0","0","0","0","0","0","0","0","0","0","0","0","0","0"
"63","Luther Burden III","CHI","wr","10","17","214.8","14","0","0","0","0","0","0","4.5178","27.0233","0.1749","126.5374","86.4076","967.029","4.6356","0.9925","0.5409","0.3347","0","0","0","0","0","0","0","0","0","0","0","0","0","0","0","0","0","0","0","0","0","0","0","0","0","0","0","0","0","0","0","0","0","0","0","0","0","0","0"
"64","Tyler Warren","IND","te","13","17","204.6","14","0","0","0","0","0","0","5.7604","34.8272","0.301","117.5355","85.1058","800.1595","5.6778","0.9953","0.5406","0.329","0","0","0","0","0","0","0","0","0","0","0","0","0","0","0","0","0","0","0","0","0","0","0","0","0","0","0","0","0","0","0","0","0","0","0","0","0","0","0"
"65","Harold Fannin Jr.","CLV","te","11","17","204.5","14","0","0","0","0","0","0","6.5348","37.4674","0.3414","120.0744","86.5399","795.007","5.4492","1.0213","0.5537","0.2767","0","0","0","0","0","0","0","0","0","0","0","0","0","0","0","0","0","0","0","0","0","0","0","0","0","0","0","0","0","0","0","0","0","0","0","0","0","0","0"
"66","Jaylen Waddle","DEN","wr","10","17","213.8","14","0","0","0","0","0","0","0","0","0","126.7884","80.9415","978.5516","5.7353","0","0","0.316","0","0","0","0","0","0","0","0","0","0","0","0","0","0","0","0","0","0","0","0","0","0","0","0","0","0","0","0","0","0","0","0","0","0","0","0","0","0","0"
"67","Kyle Pitts","ATL","te","11","17","204.1","14","0","0","0","0","0","0","0","0","0","118.8443","83.491","880.2991","5.3244","0","0","0.2966","0","0","0","0","0","0","0","0","0","0","0","0","0","0","0","0","0","0","0","0","0","0","0","0","0","0","0","0","0","0","0","0","0","0","0","0","0","0","0"
"68","Alec Pierce","IND","wr","13","17","209.7","13","0","0","0","0","0","0","0","0","0","121.9918","70.0963","1034.6905","5.9038","0","0","0.3344","0","0","0","0","0","0","0","0","0","0","0","0","0","0","0","0","0","0","0","0","0","0","0","0","0","0","0","0","0","0","0","0","0","0","0","0","0","0","0"
"69","Mike Evans","SF","wr","8","17","209.6","13","0","0","0","0","0","0","0","0","0","117.5426","74.4424","936.8827","6.8054","0","0","0.3379","0","0","0","0","0","0","0","0","0","0","0","0","0","0","0","0","0","0","0","0","0","0","0","0","0","0","0","0","0","0","0","0","0","0","0","0","0","0","0"
"70","Josh Allen","BUF","qb","7","17","317.3","13","357.8032","493.6209","3671.3218","25.591","9.7056","31.0416","91.5497","463.1836","4.7021","0","0","0","0","0","0","1.6454","0","0","0","0","0","0","0","0","0","0","0","0","0","0","0","0","0","0","0","0","0","0","0","0","0","0","0","0","0","0","0","0","0","0","0","0","0","0","0"
"71","Rome Odunze","CHI","wr","10","17","209.2","13","0","0","0","0","0","0","0","0","0","132.7513","75.437","935.6823","6.5776","0","0","0.3462","0","0","0","0","0","0","0","0","0","0","0","0","0","0","0","0","0","0","0","0","0","0","0","0","0","0","0","0","0","0","0","0","0","0","0","0","0","0","0"
"72","Christian Watson","GB","wr","11","17","209.1","13","0","0","0","0","0","0","0.8749","5.2278","0.0382","114.1709","68.0824","981.6871","6.9685","0.7457","0.4102","0.3384","0","0","0","0","0","0","0","0","0","0","0","0","0","0","0","0","0","0","0","0","0","0","0","0","0","0","0","0","0","0","0","0","0","0","0","0","0","0","0"
"73","Jordan Mason","MIN","rb","6","17","156.7","12","0","0","0","0","0","0","207.4229","921.9218","6.1497","18.8532","15.6159","102.2491","0.4195","2.9736","1.327","0.2834","0","0","0","0","0","0","0","0","0","0","0","0","0","0","0","0","0","0","0","0","0","0","0","0","0","0","0","0","0","0","0","0","0","0","0","0","0","0","0"
"74","Lamar Jackson","BLT","qb","13","17","309.4","11","321.3742","455.4226","3523.9133","26.6758","8.9318","35.1715","87.4436","531.9613","2.3804","0","0","0","0","0","0","1.593","0","0","0","0","0","0","0","0","0","0","0","0","0","0","0","0","0","0","0","0","0","0","0","0","0","0","0","0","0","0","0","0","0","0","0","0","0","0","0"
"75","George Kittle","SF","te","8","13","191.8","11","0","0","0","0","0","0","0.3256","1.9334","0.0137","96.0304","73.4392","812.4802","6.124","0.7961","0.4388","0.2741","0","0","0","0","0","0","0","0","0","0","0","0","0","0","0","0","0","0","0","0","0","0","0","0","0","0","0","0","0","0","0","0","0","0","0","0","0","0","0"
"76","Drake Maye","NE","qb","11","17","308","11","361.3554","517.054","3930.1307","26.8075","11.2831","49.6632","84.46","447.0032","1.1851","0","0","0","0","0","0","1.5119","0","0","0","0","0","0","0","0","0","0","0","0","0","0","0","0","0","0","0","0","0","0","0","0","0","0","0","0","0","0","0","0","0","0","0","0","0","0","0"
"77","Jalen Hurts","PHI","qb","10","17","307.9","11","341.0494","478.6103","3503.9056","22.6452","9.0318","33.9988","98.1508","489.0962","5.6958","0","0","0","0","0","0","1.5497","0","0","0","0","0","0","0","0","0","0","0","0","0","0","0","0","0","0","0","0","0","0","0","0","0","0","0","0","0","0","0","0","0","0","0","0","0","0","0"
"78","Travis Kelce","KC","te","5","17","188.6","10","0","0","0","0","0","0","0.3695","2.1657","0.0193","102.7187","76.5067","768.8949","5.798","0.8297","0.4574","0.2653","0","0","0","0","0","0","0","0","0","0","0","0","0","0","0","0","0","0","0","0","0","0","0","0","0","0","0","0","0","0","0","0","0","0","0","0","0","0","0"
"79","Blake Corum","LA","rb","11","17","147.9","10","0","0","0","0","0","0","165.2131","708.1615","5.7122","29.0647","23.0521","165.7386","0.6223","2.4829","1.1201","0.2979","0","0","0","0","0","0","0","0","0","0","0","0","0","0","0","0","0","0","0","0","0","0","0","0","0","0","0","0","0","0","0","0","0","0","0","0","0","0","0"
"80","Jonathon Brooks","CAR","rb","5","17","146","10","0","0","0","0","0","0","152.4832","629.9875","4.1668","38.733","31.0142","211.076","1.0723","2.3966","1.0918","0.2498","0","0","0","0","0","0","0","0","0","0","0","0","0","0","0","0","0","0","0","0","0","0","0","0","0","0","0","0","0","0","0","0","0","0","0","0","0","0","0"
"81","Rachaad White","WAS","rb","7","17","145.9","10","0","0","0","0","0","0","120.9095","523.7289","3.9127","42.5873","36.8699","244.6586","1.5229","2.0327","0.9387","0.2614","0","0","0","0","0","0","0","0","0","0","0","0","0","0","0","0","0","0","0","0","0","0","0","0","0","0","0","0","0","0","0","0","0","0","0","0","0","0","0"
"82","J.K. Dobbins","DEN","rb","10","17","145.5","10","0","0","0","0","0","0","181.8174","799.1577","5.407","22.4091","18.4487","120.6739","0.5418","2.6579","1.1915","0.2606","0","0","0","0","0","0","0","0","0","0","0","0","0","0","0","0","0","0","0","0","0","0","0","0","0","0","0","0","0","0","0","0","0","0","0","0","0","0","0"
"83","Kenneth Gainwell","TB","rb","10","17","145.2","9","0","0","0","0","0","0","103.3303","444.6779","3.339","50.7609","41.1325","295.0856","1.7413","1.8409","0.8595","0.2566","543.4751","0.1389","0","0","0","0","0","0","0","0","0","0","0","0","0","0","0","0","0","0","0","0","0","0","0","0","0","0","0","0","0","0","0","0","0","0","0","0","0"
"84","Aaron Jones","MIN","rb","6","17","145.1","9","0","0","0","0","0","0","127.246","541.0438","3.7141","44.915","36.747","245.3079","1.3176","2.1171","0.9757","0.2587","0","0","0","0","0","0","0","0","0","0","0","0","0","0","0","0","0","0","0","0","0","0","0","0","0","0","0","0","0","0","0","0","0","0","0","0","0","0","0"
"85","Jayden Daniels","WAS","qb","7","17","302.8","9","332.3084","471.9397","3319.6462","21.5952","8.7715","40.4455","125.0626","704.4096","3.2017","0","0","0","0","0","0","1.3521","0","0","0","0","0","0","0","0","0","0","0","0","0","0","0","0","0","0","0","0","0","0","0","0","0","0","0","0","0","0","0","0","0","0","0","0","0","0","0"
"86","Kyle Monangai","CHI","rb","10","17","144","9","0","0","0","0","0","0","163.9976","697.9619","5.5573","28.2449","22.1097","151.0121","0.7183","2.4563","1.1073","0.2453","0","0","0","0","0","0","0","0","0","0","0","0","0","0","0","0","0","0","0","0","0","0","0","0","0","0","0","0","0","0","0","0","0","0","0","0","0","0","0"
"87","D.K. Metcalf","PIT","wr","9","17","190.9","8","0","0","0","0","0","0","0.388","2.3195","0.0133","111.2105","67.5612","869.3764","5.9839","0.7335","0.4043","0.2789","0","0","0","0","0","0","0","0","0","0","0","0","0","0","0","0","0","0","0","0","0","0","0","0","0","0","0","0","0","0","0","0","0","0","0","0","0","0","0"
"88","Courtland Sutton","DEN","wr","10","17","190.6","8","0","0","0","0","0","0","0","0","0","114.9941","71.2983","829.2575","5.9654","0","0","0.2866","0","0","0","0","0","0","0","0","0","0","0","0","0","0","0","0","0","0","0","0","0","0","0","0","0","0","0","0","0","0","0","0","0","0","0","0","0","0","0"
"89","Joe Burrow","CIN","qb","6","17","297.8","8","390.3237","545.0602","3986.9146","31.5089","9.4068","37.957","29.284","163.6703","0.4017","0","0","0","0","0","0","1.4809","0","0","0","0","0","0","0","0","0","0","0","0","0","0","0","0","0","0","0","0","0","0","0","0","0","0","0","0","0","0","0","0","0","0","0","0","0","0","0"
"90","Makai Lemon","PHI","wr","10","17","188.3","8","0","0","0","0","0","0","0","0","0","109.2262","71.7634","853.5611","5.085","0","0","0.3356","0","0","0","0","0","0","0","0","0","0","0","0","0","0","0","0","0","0","0","0","0","0","0","0","0","0","0","0","0","0","0","0","0","0","0","0","0","0","0"
"91","Dalton Kincaid","BUF","te","7","17","177.5","7","0","0","0","0","0","0","0","0","0","94.9806","67.7125","747.0354","5.7479","0","0","0.3051","0","0","0","0","0","0","0","0","0","0","0","0","0","0","0","0","0","0","0","0","0","0","0","0","0","0","0","0","0","0","0","0","0","0","0","0","0","0","0"
"92","Mark Andrews","BLT","te","13","17","176.6","7","0","0","0","0","0","0","7.4691","45.7324","0.3902","89.6895","63.9735","655.0852","6.6744","0.7906","0.425","0.3158","0","0","0","0","0","0","0","0","0","0","0","0","0","0","0","0","0","0","0","0","0","0","0","0","0","0","0","0","0","0","0","0","0","0","0","0","0","0","0"
"93","Michael Wilson","ARZ","wr","14","17","185","7","0","0","0","0","0","0","0","0","0","112.4804","71.3554","839.982","4.8449","0","0","0.2714","0","0","0","0","0","0","0","0","0","0","0","0","0","0","0","0","0","0","0","0","0","0","0","0","0","0","0","0","0","0","0","0","0","0","0","0","0","0","0"
"94","Isaiah Likely","NYG","te","8","17","174.9","7","0","0","0","0","0","0","0","0","0","100.2686","70.7929","725.3558","5.165","0","0","0.2685","0","0","0","0","0","0","0","0","0","0","0","0","0","0","0","0","0","0","0","0","0","0","0","0","0","0","0","0","0","0","0","0","0","0","0","0","0","0","0"
"95","Jake Ferguson","DAL","te","14","17","174.6","7","0","0","0","0","0","0","0","0","0","95.4408","74.6003","654.4378","5.6692","0","0","0.2584","0","0","0","0","0","0","0","0","0","0","0","0","0","0","0","0","0","0","0","0","0","0","0","0","0","0","0","0","0","0","0","0","0","0","0","0","0","0","0"
"96","Marvin Harrison Jr.","ARZ","wr","14","17","182.1","6","0","0","0","0","0","0","0","0","0","113.0755","67.976","807.9065","5.4598","0","0","0.2728","0","0","0","0","0","0","0","0","0","0","0","0","0","0","0","0","0","0","0","0","0","0","0","0","0","0","0","0","0","0","0","0","0","0","0","0","0","0","0"
"97","Jordyn Tyson","NO","wr","8","17","180.1","6","0","0","0","0","0","0","0","0","0","106.1361","69.8992","811.4219","4.7598","0","0","0.2453","0","0","0","0","0","0","0","0","0","0","0","0","0","0","0","0","0","0","0","0","0","0","0","0","0","0","0","0","0","0","0","0","0","0","0","0","0","0","0"
"98","Chris Godwin","TB","wr","10","17","179.6","6","0","0","0","0","0","0","0","0","0","98.7017","71.3812","783.5661","4.8946","0","0","0.2689","0","0","0","0","0","0","0","0","0","0","0","0","0","0","0","0","0","0","0","0","0","0","0","0","0","0","0","0","0","0","0","0","0","0","0","0","0","0","0"
"99","Justin Herbert","LAC","qb","7","17","285.5","5","380.6021","536.3228","3881.0089","24.6771","9.4917","41.9627","70.9048","290.9847","1.5174","0","0","0","0","0","0","1.3964","0","0","0","0","0","0","0","0","0","0","0","0","0","0","0","0","0","0","0","0","0","0","0","0","0","0","0","0","0","0","0","0","0","0","0","0","0","0","0"
"100","Brian Thomas Jr.","JAX","wr","7","17","177.3","5","0","0","0","0","0","0","4.4686","26.6833","0.1862","103.6239","63.7519","800.4271","4.9339","0.7477","0.4059","0.2837","0","0","0","0","0","0","0","0","0","0","0","0","0","0","0","0","0","0","0","0","0","0","0","0","0","0","0","0","0","0","0","0","0","0","0","0","0","0","0"
"101","Jakobi Meyers","JAX","wr","7","17","176.4","5","0","0","0","0","0","0","4.8749","29.1091","0.2476","103.0318","69.8745","749.2558","4.5177","0.8192","0.4447","0.2826","0","0","0","0","0","0","0","0","0","0","0","0","0","0","0","0","0","0","0","0","0","0","0","0","0","0","0","0","0","0","0","0","0","0","0","0","0","0","0"
"102","Parker Washington","JAX","wr","7","17","176.3","5","0","0","0","0","0","0","9.7498","53.0237","0.4679","99.479","62.6876","771.7491","4.6993","0.8076","0.431","0.2792","305.0457","0.2625","0","0","0","0","0","0","0","0","0","0","0","0","0","0","0","0","0","0","0","0","0","0","0","0","0","0","0","0","0","0","0","0","0","0","0","0","0"
"103","Michael Pittman Jr.","PIT","wr","9","17","175.9","5","0","0","0","0","0","0","0","0","0","104.7379","72.0191","747.251","4.7636","0","0","0.2622","0","0","0","0","0","0","0","0","0","0","0","0","0","0","0","0","0","0","0","0","0","0","0","0","0","0","0","0","0","0","0","0","0","0","0","0","0","0","0"
"104","Wan'Dale Robinson","TEN","wr","9","17","175.9","5","0","0","0","0","0","0","1.9337","11.5306","0.0588","110.3472","77.1655","757.9903","3.5669","0.858","0.4706","0.2311","0","0","0","0","0","0","0","0","0","0","0","0","0","0","0","0","0","0","0","0","0","0","0","0","0","0","0","0","0","0","0","0","0","0","0","0","0","0","0"
"105","Dallas Goedert","PHI","te","10","17","164.6","4","0","0","0","0","0","0","0","0","0","87.1657","66.7226","637.8845","5.5918","0","0","0.2678","0","0","0","0","0","0","0","0","0","0","0","0","0","0","0","0","0","0","0","0","0","0","0","0","0","0","0","0","0","0","0","0","0","0","0","0","0","0","0"
"106","KC Concepcion","CLV","wr","11","17","173.3","4","0","0","0","0","0","0","6.1264","35.1407","0.3199","101.5174","64.9401","764.232","4.4059","0.7829","0.4228","0.2345","320.699","0.276","0","0","0","0","0","0","0","0","0","0","0","0","0","0","0","0","0","0","0","0","0","0","0","0","0","0","0","0","0","0","0","0","0","0","0","0","0"
"107","Trevor Lawrence","JAX","qb","7","17","280.4","4","371.4334","545.0442","3779.296","24.7337","12.7095","36.4945","67.5952","265.902","2.2266","0","0","0","0","0","0","1.5029","0","0","0","0","0","0","0","0","0","0","0","0","0","0","0","0","0","0","0","0","0","0","0","0","0","0","0","0","0","0","0","0","0","0","0","0","0","0","0"
"108","Brock Purdy","SF","qb","8","17","280","4","354.2087","487.4834","3817.9024","25.4221","11.9599","28.7712","56.4719","259.6627","1.4497","0","0","0","0","0","0","1.432","0","0","0","0","0","0","0","0","0","0","0","0","0","0","0","0","0","0","0","0","0","0","0","0","0","0","0","0","0","0","0","0","0","0","0","0","0","0","0"
"109","Dak Prescott","DAL","qb","14","17","277.1","3","372.9554","525.8103","3878.3628","27.2444","10.3907","32.032","32.9568","175.795","0.4861","0","0","0","0","0","0","1.4237","0","0","0","0","0","0","0","0","0","0","0","0","0","0","0","0","0","0","0","0","0","0","0","0","0","0","0","0","0","0","0","0","0","0","0","0","0","0","0"
"110","Quentin Johnston","LAC","wr","7","17","168.6","3","0","0","0","0","0","0","0.8503","5.0128","0.0263","94.9889","60.1695","764.2914","5.1958","0.6601","0.363","0.2426","0","0","0","0","0","0","0","0","0","0","0","0","0","0","0","0","0","0","0","0","0","0","0","0","0","0","0","0","0","0","0","0","0","0","0","0","0","0","0"
"111","Josh Downs","IND","wr","13","17","168.1","3","0","0","0","0","0","0","0.8229","4.9753","0.0313","103.6095","73.2474","706.2172","3.8969","0.8007","0.4407","0.285","0","0","0","0","0","0","0","0","0","0","0","0","0","0","0","0","0","0","0","0","0","0","0","0","0","0","0","0","0","0","0","0","0","0","0","0","0","0","0"
"112","Caleb Williams","CHI","qb","10","17","275.8","3","370.9645","554.4655","3744.484","22.881","10.9354","36.9437","77.0712","334.5857","1.4958","0","0","0","0","0","0","1.4823","0","0","0","0","0","0","0","0","0","0","0","0","0","0","0","0","0","0","0","0","0","0","0","0","0","0","0","0","0","0","0","0","0","0","0","0","0","0","0"
"113","Jaxson Dart","NYG","qb","8","17","274.8","2","320.1011","473.9119","3211.3873","19.6329","10.532","43.8222","100.9535","528.0556","3.8167","0","0","0","0","0","0","1.3428","0","0","0","0","0","0","0","0","0","0","0","0","0","0","0","0","0","0","0","0","0","0","0","0","0","0","0","0","0","0","0","0","0","0","0","0","0","0","0"
"114","Jalen Coker","CAR","wr","5","17","166.5","2","0","0","0","0","0","0","0","0","0","97.9391","66.5893","732.993","4.3527","0","0","0.2342","0","0","0","0","0","0","0","0","0","0","0","0","0","0","0","0","0","0","0","0","0","0","0","0","0","0","0","0","0","0","0","0","0","0","0","0","0","0","0"
"115","Oronde Gadsden II","LAC","te","7","17","156.6","2","0","0","0","0","0","0","0","0","0","88.7694","62.559","647.7747","4.8092","0","0","0.2259","0","0","0","0","0","0","0","0","0","0","0","0","0","0","0","0","0","0","0","0","0","0","0","0","0","0","0","0","0","0","0","0","0","0","0","0","0","0","0"
"116","Bo Nix","DEN","qb","10","17","272.6","2","368.5735","532.5248","3595.1604","23.2669","10.2404","21.0329","78.2825","291.1677","2.3595","0","0","0","0","0","0","1.3625","0","0","0","0","0","0","0","0","0","0","0","0","0","0","0","0","0","0","0","0","0","0","0","0","0","0","0","0","0","0","0","0","0","0","0","0","0","0","0"
"117","Keaton Mitchell","LAC","rb","7","17","114.3","2","0","0","0","0","0","0","111.8088","487.347","2.9363","31.0976","25.9415","178.0323","0.7628","1.7918","0.8196","0.2006","628.4618","0.1606","0","0","0","0","0","0","0","0","0","0","0","0","0","0","0","0","0","0","0","0","0","0","0","0","0","0","0","0","0","0","0","0","0","0","0","0","0"
"118","Kyler Murray","MIN","qb","6","17","272.1","2","346.4874","496.1102","3385.2804","21.4497","9.221","34.2932","80.9178","428.1298","2.4415","0","0","0","0","0","0","1.3095","0","0","0","0","0","0","0","0","0","0","0","0","0","0","0","0","0","0","0","0","0","0","0","0","0","0","0","0","0","0","0","0","0","0","0","0","0","0","0"
"119","Brenton Strange","JAX","te","7","17","154.2","1","0","0","0","0","0","0","0","0","0","88.2284","64.9247","610.9445","4.6133","0","0","0.2368","0","0","0","0","0","0","0","0","0","0","0","0","0","0","0","0","0","0","0","0","0","0","0","0","0","0","0","0","0","0","0","0","0","0","0","0","0","0","0"
"120","Chris Rodriguez Jr.","JAX","rb","7","17","112.8","1","0","0","0","0","0","0","161.6837","693.4187","5.8337","5.9214","4.7009","32.68","0.1708","2.2374","0.99","0.2189","0","0","0","0","0","0","0","0","0","0","0","0","0","0","0","0","0","0","0","0","0","0","0","0","0","0","0","0","0","0","0","0","0","0","0","0","0","0","0"
"121","Patrick Mahomes","KC","qb","5","17","270","1","356.9385","496.1809","3622.314","25.5676","9.44","28.4003","42.3283","290.2187","0.1299","0","0","0","0","0","0","1.2364","0","0","0","0","0","0","0","0","0","0","0","0","0","0","0","0","0","0","0","0","0","0","0","0","0","0","0","0","0","0","0","0","0","0","0","0","0","0","0"
"122","Jayden Reed","GB","wr","11","17","159.9","1","0","0","0","0","0","0","13.5603","81.0312","0.3715","84.0966","58.7021","650.2418","4.2858","0.8162","0.4299","0.2648","0","0","0","0","0","0","0","0","0","0","0","0","0","0","0","0","0","0","0","0","0","0","0","0","0","0","0","0","0","0","0","0","0","0","0","0","0","0","0"
"123","Khalil Shakir","BUF","wr","7","17","159","0","0","0","0","0","0","0","0","0","0","93.324","71.7677","637.3491","3.8236","0","0","0.2998","293.4967","0.2526","0","0","0","0","0","0","0","0","0","0","0","0","0","0","0","0","0","0","0","0","0","0","0","0","0","0","0","0","0","0","0","0","0","0","0","0","0"
"124","Matthew Golden","GB","wr","11","17","158.7","0","0","0","0","0","0","0","6.5614","39.2087","0.2277","90.2228","57.9527","713.2667","3.9906","0.7135","0.3838","0.2745","0","0","0","0","0","0","0","0","0","0","0","0","0","0","0","0","0","0","0","0","0","0","0","0","0","0","0","0","0","0","0","0","0","0","0","0","0","0","0"
"125","Jacory Croskey-Merritt","WAS","rb","7","17","108.5","0","0","0","0","0","0","0","144.0871","622.8364","5.0761","10.6468","8.688","59.0375","0.286","2.0424","0.909","0.2024","0","0","0","0","0","0","0","0","0","0","0","0","0","0","0","0","0","0","0","0","0","0","0","0","0","0","0","0","0","0","0","0","0","0","0","0","0","0","0"
"126","Deebo Samuel","SF","wr","8","17","158.3","0","0","0","0","0","0","0","20.5733","108.7808","1.0747","80.273","58.6112","623.7558","3.3225","0.9101","0.4711","0.2562","0","0","0","0","0","0","0","0","0","0","0","0","0","0","0","0","0","0","0","0","0","0","0","0","0","0","0","0","0","0","0","0","0","0","0","0","0","0","0"
"127","Matthew Stafford","LA","qb","11","17","265.9","0","365.1345","523.5375","3955.5193","27.3548","10.6336","29.0123","9.7372","53.4486","0.096","0","0","0","0","0","0","1.4829","0","0","0","0","0","0","0","0","0","0","0","0","0","0","0","0","0","0","0","0","0","0","0","0","0","0","0","0","0","0","0","0","0","0","0","0","0","0","0"
"128","Xavier Worthy","KC","wr","5","17","157.8","0","0","0","0","0","0","0","12.9308","75.742","0.6463","83.269","54.4977","664.4679","4.2284","0.7624","0.4012","0.2322","0","0","0","0","0","0","0","0","0","0","0","0","0","0","0","0","0","0","0","0","0","0","0","0","0","0","0","0","0","0","0","0","0","0","0","0","0","0","0"
"129","Juwan Johnson","NO","te","8","17","148.3","0","0","0","0","0","0","0","0","0","0","89.1089","65.2286","631.6588","3.2423","0","0","0.206","0","0","0","0","0","0","0","0","0","0","0","0","0","0","0","0","0","0","0","0","0","0","0","0","0","0","0","0","0","0","0","0","0","0","0","0","0","0","0"
"130","Dylan Sampson","CLV","rb","11","17","107.8","0","0","0","0","0","0","0","78.4177","315.6393","1.9926","42.026","34.5881","231.5874","1.1385","1.4334","0.6723","0.1704","428.3552","0.1095","0","0","0","0","0","0","0","0","0","0","0","0","0","0","0","0","0","0","0","0","0","0","0","0","0","0","0","0","0","0","0","0","0","0","0","0","0"
"131","Romeo Doubs","NE","wr","11","17","157.7","0","0","0","0","0","0","0","0","0","0","86.9686","56.5244","709.2301","4.9585","0","0","0.2495","0","0","0","0","0","0","0","0","0","0","0","0","0","0","0","0","0","0","0","0","0","0","0","0","0","0","0","0","0","0","0","0","0","0","0","0","0","0","0"
"132","Omar Cooper Jr.","NYJ","wr","13","17","157.6","0","0","0","0","0","0","0","0.7816","4.6757","0.0309","90.619","59.0746","724.7537","4.2263","0.6474","0.3561","0.2058","0","0","0","0","0","0","0","0","0","0","0","0","0","0","0","0","0","0","0","0","0","0","0","0","0","0","0","0","0","0","0","0","0","0","0","0","0","0","0"
"133","Jalen Nailor","LV","wr","13","17","157.1","0","0","0","0","0","0","0","0","0","0","90.7741","56.3378","706.0749","4.9538","0","0","0.2173","0","0","0","0","0","0","0","0","0","0","0","0","0","0","0","0","0","0","0","0","0","0","0","0","0","0","0","0","0","0","0","0","0","0","0","0","0","0","0"
"134","Tre Tucker","LV","wr","13","17","155.2","0","0","0","0","0","0","0","9.0968","50.9634","0.3632","88.5048","55.1555","697.0561","3.8394","0.7176","0.3823","0.2219","319.9531","0.2754","0","0","0","0","0","0","0","0","0","0","0","0","0","0","0","0","0","0","0","0","0","0","0","0","0","0","0","0","0","0","0","0","0","0","0","0","0"
"135","Jared Goff","DET","qb","6","17","262.8","0","377.8779","510.3123","3880.9793","26.6847","10.0169","28.8898","13.0837","68.245","0.1618","0","0","0","0","0","0","1.5389","0","0","0","0","0","0","0","0","0","0","0","0","0","0","0","0","0","0","0","0","0","0","0","0","0","0","0","0","0","0","0","0","0","0","0","0","0","0","0"
"136","Baker Mayfield","TB","qb","10","17","262.8","0","343.9307","494.534","3593.842","25.7893","11.064","34.5229","34.8585","235.9326","0.1115","0","0","0","0","0","0","1.3538","0","0","0","0","0","0","0","0","0","0","0","0","0","0","0","0","0","0","0","0","0","0","0","0","0","0","0","0","0","0","0","0","0","0","0","0","0","0","0"
"137","Tyrone Tracy","NYG","rb","8","17","104.2","0","0","0","0","0","0","0","104.0946","439.418","3.0351","27.5463","21.9309","151.9091","0.8807","1.6442","0.7498","0.1922","0","0","0","0","0","0","0","0","0","0","0","0","0","0","0","0","0","0","0","0","0","0","0","0","0","0","0","0","0","0","0","0","0","0","0","0","0","0","0"
"138","Kenyon Sadiq","NYJ","te","13","17","144.7","0","0","0","0","0","0","0","0","0","0","80.4243","60.2964","593.4279","4.1095","0","0","0.182","0","0","0","0","0","0","0","0","0","0","0","0","0","0","0","0","0","0","0","0","0","0","0","0","0","0","0","0","0","0","0","0","0","0","0","0","0","0","0"
"139","Malik Willis","MIA","qb","6","17","262","0","307.049","432.2767","3184.2083","18.0668","8.8592","48.6038","101.6974","565.369","2.0374","0","0","0","0","0","0","1.2379","0","0","0","0","0","0","0","0","0","0","0","0","0","0","0","0","0","0","0","0","0","0","0","0","0","0","0","0","0","0","0","0","0","0","0","0","0","0","0"
"140","Hunter Henry","NE","te","11","17","144.1","0","0","0","0","0","0","0","0","0","0","78.866","56.9396","588.7781","4.6386","0","0","0.2263","0","0","0","0","0","0","0","0","0","0","0","0","0","0","0","0","0","0","0","0","0","0","0","0","0","0","0","0","0","0","0","0","0","0","0","0","0","0","0"
"141","Woody Marks","HST","rb","8","17","103.5","0","0","0","0","0","0","0","123.4547","494.9519","2.9298","23.8452","18.4061","136.0466","0.8183","1.8681","0.844","0.1865","0","0","0","0","0","0","0","0","0","0","0","0","0","0","0","0","0","0","0","0","0","0","0","0","0","0","0","0","0","0","0","0","0","0","0","0","0","0","0"
"142","Jordan Love","GB","qb","11","17","259.5","0","345.7928","491.0966","3619.0252","25.6732","9.7893","25.0438","32.0341","164.7759","0.4106","0","0","0","0","0","0","1.4472","0","0","0","0","0","0","0","0","0","0","0","0","0","0","0","0","0","0","0","0","0","0","0","0","0","0","0","0","0","0","0","0","0","0","0","0","0","0","0"
"143","Tyjae Spears","TEN","rb","9","17","100.9","0","0","0","0","0","0","0","82.3774","350.6294","2.1784","35.8344","29.5081","191.0896","0.7544","1.4322","0.6657","0.1552","0","0","0","0","0","0","0","0","0","0","0","0","0","0","0","0","0","0","0","0","0","0","0","0","0","0","0","0","0","0","0","0","0","0","0","0","0","0","0"
"144","Isiah Pacheco","DET","rb","6","17","100.7","0","0","0","0","0","0","0","123.938","517.0711","3.7369","16.9695","14.32","96.7115","0.5043","1.8306","0.8226","0.2106","0","0","0","0","0","0","0","0","0","0","0","0","0","0","0","0","0","0","0","0","0","0","0","0","0","0","0","0","0","0","0","0","0","0","0","0","0","0","0"
"145","Alvin Kamara","NO","rb","8","17","99.6","0","0","0","0","0","0","0","109.6403","451.309","2.7824","25.5408","20.6385","142.1655","0.5562","1.7053","0.7751","0.1685","0","0","0","0","0","0","0","0","0","0","0","0","0","0","0","0","0","0","0","0","0","0","0","0","0","0","0","0","0","0","0","0","0","0","0","0","0","0","0"
"146","Tyler Shough","NO","qb","8","17","257.4","0","356.1753","507.4364","3568.2853","20.5261","10.1598","41.9497","65.0165","293.4131","1.8294","0","0","0","0","0","0","1.2077","0","0","0","0","0","0","0","0","0","0","0","0","0","0","0","0","0","0","0","0","0","0","0","0","0","0","0","0","0","0","0","0","0","0","0","0","0","0","0"
"147","Justice Hill","BLT","rb","13","17","98.9","0","0","0","0","0","0","0","48.3295","216.0106","1.4594","42.5645","35.4681","251.846","1.3336","1.036","0.4986","0.2065","530.1864","0.1355","0","0","0","0","0","0","0","0","0","0","0","0","0","0","0","0","0","0","0","0","0","0","0","0","0","0","0","0","0","0","0","0","0","0","0","0","0"
"148","Sam Darnold","SEA","qb","11","17","256.9","0","359.6798","498.0683","3729.0049","24.6993","12.1589","38.9299","30.3617","161.0094","0.3589","0","0","0","0","0","0","1.4323","0","0","0","0","0","0","0","0","0","0","0","0","0","0","0","0","0","0","0","0","0","0","0","0","0","0","0","0","0","0","0","0","0","0","0","0","0","0","0"
"149","Stefon Diggs","WAS","wr","7","17","148.8","0","0","0","0","0","0","0","0","0","0","83.5775","61.1294","644.4311","3.7894","0","0","0.2274","0","0","0","0","0","0","0","0","0","0","0","0","0","0","0","0","0","0","0","0","0","0","0","0","0","0","0","0","0","0","0","0","0","0","0","0","0","0","0"
"150","Jauan Jennings","MIN","wr","6","17","146.7","0","0","0","0","0","0","0","0","0","0","87.0575","58.2","620.1812","4.3448","0","0","0.2214","0","0","0","0","0","0","0","0","0","0","0","0","0","0","0","0","0","0","0","0","0","0","0","0","0","0","0","0","0","0","0","0","0","0","0","0","0","0","0"
"151","C.J. Stroud","HST","qb","8","17","254.3","0","344.1","506.6343","3707.9806","22.0131","10.7761","39.5445","42.8022","229.0593","0.5533","0","0","0","0","0","0","1.2624","0","0","0","0","0","0","0","0","0","0","0","0","0","0","0","0","0","0","0","0","0","0","0","0","0","0","0","0","0","0","0","0","0","0","0","0","0","0","0"
"152","Brian Robinson","ATL","rb","11","17","95.4","0","0","0","0","0","0","0","123.0791","530.9706","3.978","11.9441","9.7765","68.7959","0.366","1.77","0.7905","0.1733","0","0","0","0","0","0","0","0","0","0","0","0","0","0","0","0","0","0","0","0","0","0","0","0","0","0","0","0","0","0","0","0","0","0","0","0","0","0","0"
"153","Denzel Boston","CLV","wr","11","17","144.2","0","0","0","0","0","0","0","0","0","0","87.3268","55.6218","657.4039","3.7424","0","0","0.1966","0","0","0","0","0","0","0","0","0","0","0","0","0","0","0","0","0","0","0","0","0","0","0","0","0","0","0","0","0","0","0","0","0","0","0","0","0","0","0"
"154","Greg Dulcich","MIA","te","6","17","134.4","0","0","0","0","0","0","0","0","0","0","75.5538","56.2996","557.6536","3.6545","0","0","0.2046","0","0","0","0","0","0","0","0","0","0","0","0","0","0","0","0","0","0","0","0","0","0","0","0","0","0","0","0","0","0","0","0","0","0","0","0","0","0","0"
"155","AJ Barner","SEA","te","11","17","133.6","0","0","0","0","0","0","0","4.8517","28.7395","0.2535","68.2669","53.4633","486.1825","4.512","0.6419","0.3469","0.2006","0","0","0","0","0","0","0","0","0","0","0","0","0","0","0","0","0","0","0","0","0","0","0","0","0","0","0","0","0","0","0","0","0","0","0","0","0","0","0"
"156","Dalton Schultz","HST","te","8","17","133.4","0","0","0","0","0","0","0","0","0","0","77.2131","56.739","549.7944","3.5577","0","0","0.19","0","0","0","0","0","0","0","0","0","0","0","0","0","0","0","0","0","0","0","0","0","0","0","0","0","0","0","0","0","0","0","0","0","0","0","0","0","0","0"
"157","T.J. Hockenson","MIN","te","6","17","133.1","0","0","0","0","0","0","0","0.3989","2.3879","0.0161","77.0764","58.2888","523.8954","3.6723","0.6337","0.3492","0.1965","0","0","0","0","0","0","0","0","0","0","0","0","0","0","0","0","0","0","0","0","0","0","0","0","0","0","0","0","0","0","0","0","0","0","0","0","0","0","0"
"158","Samaje Perine","CIN","rb","6","17","92.5","0","0","0","0","0","0","0","100.5122","433.6485","2.9916","19.9472","16.6699","114.8823","0.5527","1.5391","0.6972","0.2076","0","0","0","0","0","0","0","0","0","0","0","0","0","0","0","0","0","0","0","0","0","0","0","0","0","0","0","0","0","0","0","0","0","0","0","0","0","0","0"
"159","Zach Charbonnet","SEA","rb","11","9","92","0","0","0","0","0","0","0","113.9822","488.0438","4.2358","11.9308","9.8016","68.4199","0.2549","1.6472","0.7365","0.1655","0","0","0","0","0","0","0","0","0","0","0","0","0","0","0","0","0","0","0","0","0","0","0","0","0","0","0","0","0","0","0","0","0","0","0","0","0","0","0"
"160","Chigoziem Okonkwo","WAS","te","7","17","130.5","0","0","0","0","0","0","0","0","0","0","78.7864","58.3454","535.9393","3.018","0","0","0.2144","0","0","0","0","0","0","0","0","0","0","0","0","0","0","0","0","0","0","0","0","0","0","0","0","0","0","0","0","0","0","0","0","0","0","0","0","0","0","0"
"161","Cooper Kupp","SEA","wr","11","17","138.6","0","0","0","0","0","0","0","0","0","0","78.1766","55.6992","604.0694","3.6789","0","0","0.2233","0","0","0","0","0","0","0","0","0","0","0","0","0","0","0","0","0","0","0","0","0","0","0","0","0","0","0","0","0","0","0","0","0","0","0","0","0","0","0"
"162","Jayden Higgins","HST","wr","8","17","136.2","0","0","0","0","0","0","0","0","0","0","82.3228","51.2018","616.3348","3.8302","0","0","0.2026","0","0","0","0","0","0","0","0","0","0","0","0","0","0","0","0","0","0","0","0","0","0","0","0","0","0","0","0","0","0","0","0","0","0","0","0","0","0","0"
"163","Daniel Jones","IND","qb","13","17","244","0","334.488","483.5718","3368.2366","19.9802","10.5501","37.1297","55.6766","303.5176","1.1443","0","0","0","0","0","0","1.3323","0","0","0","0","0","0","0","0","0","0","0","0","0","0","0","0","0","0","0","0","0","0","0","0","0","0","0","0","0","0","0","0","0","0","0","0","0","0","0"
"164","Jacoby Brissett","ARZ","qb","14","17","243.2","0","350.506","510.7563","3460.1294","21.2115","10.0465","42.3189","47.216","213.8257","1.0174","0","0","0","0","0","0","1.2526","0","0","0","0","0","0","0","0","0","0","0","0","0","0","0","0","0","0","0","0","0","0","0","0","0","0","0","0","0","0","0","0","0","0","0","0","0","0","0"
"165","Rashid Shaheed","SEA","wr","11","17","134.8","0","0","0","0","0","0","0","15.4373","92.3599","0.3844","73.2217","45.394","582.889","3.2401","0.6981","0.3619","0.2269","1277.3101","0.5023","0","0","0","0","0","0","0","0","0","0","0","0","0","0","0","0","0","0","0","0","0","0","0","0","0","0","0","0","0","0","0","0","0","0","0","0","0"
"166","Pat Freiermuth","PIT","te","9","17","123.3","0","0","0","0","0","0","0","0","0","0","68.8446","50.7027","486.527","3.9338","0","0","0.1723","0","0","0","0","0","0","0","0","0","0","0","0","0","0","0","0","0","0","0","0","0","0","0","0","0","0","0","0","0","0","0","0","0","0","0","0","0","0","0"
"167","Jordan Addison","MIN","wr","6","17","132.6","0","0","0","0","0","0","0","1.5956","9.5515","0.063","77.6309","48.4924","586.788","3.9916","0.5443","0.298","0.1993","0","0","0","0","0","0","0","0","0","0","0","0","0","0","0","0","0","0","0","0","0","0","0","0","0","0","0","0","0","0","0","0","0","0","0","0","0","0","0"
"168","Aaron Rodgers","PIT","qb","9","17","240.2","0","335.5696","481.5668","3309.7719","24.2935","8.5908","29.9961","35.5495","116.6182","0.8585","0","0","0","0","0","0","1.2218","0","0","0","0","0","0","0","0","0","0","0","0","0","0","0","0","0","0","0","0","0","0","0","0","0","0","0","0","0","0","0","0","0","0","0","0","0","0","0"
"169","Gunnar Helm","TEN","te","9","17","120.7","0","0","0","0","0","0","0","0","0","0","73.3752","53.8915","470.197","3.2495","0","0","0.1524","0","0","0","0","0","0","0","0","0","0","0","0","0","0","0","0","0","0","0","0","0","0","0","0","0","0","0","0","0","0","0","0","0","0","0","0","0","0","0"
"170","Jerry Jeudy","CLV","wr","11","17","129","0","0","0","0","0","0","0","0.4084","2.3427","0.0143","81.8689","49.6752","605.202","3.0673","0.541","0.298","0.1847","0","0","0","0","0","0","0","0","0","0","0","0","0","0","0","0","0","0","0","0","0","0","0","0","0","0","0","0","0","0","0","0","0","0","0","0","0","0","0"
"171","Bryce Young","CAR","qb","5","17","236.7","0","341.0626","493.1743","3300.6725","20.8937","9.7476","36.529","42.5665","270.3978","0.2312","0","0","0","0","0","0","1.187","0","0","0","0","0","0","0","0","0","0","0","0","0","0","0","0","0","0","0","0","0","0","0","0","0","0","0","0","0","0","0","0","0","0","0","0","0","0","0"
"172","Ty Johnson","BUF","rb","7","17","76.8","0","0","0","0","0","0","0","41.9203","179.5","1.5774","30.3717","24.3023","181.5873","1.1612","0.8289","0.394","0.1517","537.6493","0.1374","0","0","0","0","0","0","0","0","0","0","0","0","0","0","0","0","0","0","0","0","0","0","0","0","0","0","0","0","0","0","0","0","0","0","0","0","0"
"173","Cade Otton","TB","te","10","17","117.1","0","0","0","0","0","0","0","0","0","0","65.9891","48.3801","465.6712","3.6377","0","0","0.1797","0","0","0","0","0","0","0","0","0","0","0","0","0","0","0","0","0","0","0","0","0","0","0","0","0","0","0","0","0","0","0","0","0","0","0","0","0","0","0"
"174","Mike Gesicki","CIN","te","6","17","116.6","0","0","0","0","0","0","0","0","0","0","65.6327","46.7151","465.3561","3.8299","0","0","0.1761","0","0","0","0","0","0","0","0","0","0","0","0","0","0","0","0","0","0","0","0","0","0","0","0","0","0","0","0","0","0","0","0","0","0","0","0","0","0","0"
"175","Tank Bigsby","PHI","rb","10","17","75.2","0","0","0","0","0","0","0","97.0076","426.2029","3.561","7.5328","6.2009","42.1806","0.1935","1.3788","0.6141","0.1409","532.914","0.1362","0","0","0","0","0","0","0","0","0","0","0","0","0","0","0","0","0","0","0","0","0","0","0","0","0","0","0","0","0","0","0","0","0","0","0","0","0"
"176","Evan Engram","DEN","te","10","17","114.7","0","0","0","0","0","0","0","0.4189","2.5009","0.0165","70.1759","52.5842","458.0788","2.6573","0.5725","0.3153","0.1754","0","0","0","0","0","0","0","0","0","0","0","0","0","0","0","0","0","0","0","0","0","0","0","0","0","0","0","0","0","0","0","0","0","0","0","0","0","0","0"
"177","Calvin Ridley","TEN","wr","9","17","121.1","0","0","0","0","0","0","0","2.3205","13.8355","0.0841","77.3568","44.7075","569.7916","2.9177","0.5133","0.2798","0.163","0","0","0","0","0","0","0","0","0","0","0","0","0","0","0","0","0","0","0","0","0","0","0","0","0","0","0","0","0","0","0","0","0","0","0","0","0","0","0"
"178","Tank Dell","HST","wr","8","17","120.6","0","0","0","0","0","0","0","9.5298","55.4252","0.3582","67.5614","41.939","527.3997","3.0385","0.581","0.3062","0.1761","0","0","0","0","0","0","0","0","0","0","0","0","0","0","0","0","0","0","0","0","0","0","0","0","0","0","0","0","0","0","0","0","0","0","0","0","0","0","0"
"179","Germie Bernard","PIT","wr","9","17","120.5","0","0","0","0","0","0","0","0.776","4.639","0.0405","71.1983","44.9683","537.4004","3.5015","0.4952","0.2721","0.1792","0","0","0","0","0","0","0","0","0","0","0","0","0","0","0","0","0","0","0","0","0","0","0","0","0","0","0","0","0","0","0","0","0","0","0","0","0","0","0"
"180","MarShawn Lloyd","GB","rb","11","17","70.1","0","0","0","0","0","0","0","54.6787","225.8188","1.6434","24.505","19.7893","136.2938","0.7291","0.9528","0.4431","0.1384","0","0","0","0","0","0","0","0","0","0","0","0","0","0","0","0","0","0","0","0","0","0","0","0","0","0","0","0","0","0","0","0","0","0","0","0","0","0","0"
"181","Braelon Allen","NYJ","rb","13","17","67.4","0","0","0","0","0","0","0","82.8455","336.7361","2.1316","13.5928","11.0347","77.8546","0.4022","1.2394","0.5586","0.118","0","0","0","0","0","0","0","0","0","0","0","0","0","0","0","0","0","0","0","0","0","0","0","0","0","0","0","0","0","0","0","0","0","0","0","0","0","0","0"
"182","Jalen McMillan","TB","wr","10","17","117.1","0","0","0","0","0","0","0","4.736","28.0623","0.1959","63.7331","41.0359","509.6131","3.5076","0.5064","0.2723","0.179","0","0","0","0","0","0","0","0","0","0","0","0","0","0","0","0","0","0","0","0","0","0","0","0","0","0","0","0","0","0","0","0","0","0","0","0","0","0","0"
"183","Cam Ward","TEN","qb","9","17","224.5","0","365.026","537.6004","3493.3589","18.4362","12.0527","49.5513","32.9948","188.5802","0.3291","0","0","0","0","0","0","1.1251","0","0","0","0","0","0","0","0","0","0","0","0","0","0","0","0","0","0","0","0","0","0","0","0","0","0","0","0","0","0","0","0","0","0","0","0","0","0","0"
"184","Geno Smith","NYJ","qb","13","17","220.8","0","320.4551","450.9208","3239.7962","19.8351","11.0931","39.2632","42.1774","161.1224","0.8012","0","0","0","0","0","0","1.0424","0","0","0","0","0","0","0","0","0","0","0","0","0","0","0","0","0","0","0","0","0","0","0","0","0","0","0","0","0","0","0","0","0","0","0","0","0","0","0"
"185","Jaylen Wright","MIA","rb","6","17","62.3","0","0","0","0","0","0","0","66.4826","284.1701","1.9126","14.6233","12.0713","83.6917","0.3652","1.0293","0.4674","0.1078","0","0","0","0","0","0","0","0","0","0","0","0","0","0","0","0","0","0","0","0","0","0","0","0","0","0","0","0","0","0","0","0","0","0","0","0","0","0","0"
"186","Mike Washington Jr.","LV","rb","13","17","61.2","0","0","0","0","0","0","0","58.9316","249.9923","1.6848","17.0201","13.6356","96.8556","0.5042","0.944","0.4318","0.1057","0","0","0","0","0","0","0","0","0","0","0","0","0","0","0","0","0","0","0","0","0","0","0","0","0","0","0","0","0","0","0","0","0","0","0","0","0","0","0"
"187","Tyler Allgeier","ARZ","rb","14","17","59.8","0","0","0","0","0","0","0","63.5651","270.9976","2.0809","13.6881","11.2946","74.1637","0.2843","0.9814","0.4454","0.1109","0","0","0","0","0","0","0","0","0","0","0","0","0","0","0","0","0","0","0","0","0","0","0","0","0","0","0","0","0","0","0","0","0","0","0","0","0","0","0"
"188","Emanuel Wilson","SEA","rb","11","17","59.2","0","0","0","0","0","0","0","61.8393","265.4729","1.9119","13.5512","11.4668","77.9526","0.363","0.96","0.4362","0.109","0","0","0","0","0","0","0","0","0","0","0","0","0","0","0","0","0","0","0","0","0","0","0","0","0","0","0","0","0","0","0","0","0","0","0","0","0","0","0"
"189","Isaiah Davis","NYJ","rb","13","17","58.9","0","0","0","0","0","0","0","29.3085","125.9733","0.7548","27.1857","21.9298","158.8663","0.6785","0.6328","0.3048","0.0924","0","0","0","0","0","0","0","0","0","0","0","0","0","0","0","0","0","0","0","0","0","0","0","0","0","0","0","0","0","0","0","0","0","0","0","0","0","0","0"
"190","Chris Brooks","GB","rb","11","17","58.7","0","0","0","0","0","0","0","44.6178","192.579","1.3196","20.6065","16.8063","114.8353","0.5698","0.7846","0.3655","0.1148","0","0","0","0","0","0","0","0","0","0","0","0","0","0","0","0","0","0","0","0","0","0","0","0","0","0","0","0","0","0","0","0","0","0","0","0","0","0","0"
"191","DJ Giddens","IND","rb","13","17","58.3","0","0","0","0","0","0","0","41.1459","169.0616","1.3231","22.2816","17.8336","121.3917","0.6022","0.7487","0.3509","0.1101","0","0","0","0","0","0","0","0","0","0","0","0","0","0","0","0","0","0","0","0","0","0","0","0","0","0","0","0","0","0","0","0","0","0","0","0","0","0","0"
"192","Michael Mayer","LV","te","13","17","98.8","0","0","0","0","0","0","0","0","0","0","57.3012","42.7037","393.7588","2.7439","0","0","0.1372","0","0","0","0","0","0","0","0","0","0","0","0","0","0","0","0","0","0","0","0","0","0","0","0","0","0","0","0","0","0","0","0","0","0","0","0","0","0","0"
"193","Colby Parkinson","LA","te","11","17","98.2","0","0","0","0","0","0","0","0","0","0","53.2852","38.7125","381.2799","3.5028","0","0","0.1522","0","0","0","0","0","0","0","0","0","0","0","0","0","0","0","0","0","0","0","0","0","0","0","0","0","0","0","0","0","0","0","0","0","0","0","0","0","0","0"
"194","Ryan Flournoy","DAL","wr","14","17","105.4","0","0","0","0","0","0","0","0.825","4.9398","0.0292","58.9666","40.6515","459.8874","3.0025","0.4494","0.2468","0.1607","0","0","0","0","0","0","0","0","0","0","0","0","0","0","0","0","0","0","0","0","0","0","0","0","0","0","0","0","0","0","0","0","0","0","0","0","0","0","0"
"195","Malik Washington","MIA","wr","6","17","103.5","0","0","0","0","0","0","0","13.2139","79.6193","0.5597","53.6188","39.093","398.8114","2.1932","0.6001","0.3112","0.1588","1286.3597","0.5275","0","0","0","0","0","0","0","0","0","0","0","0","0","0","0","0","0","0","0","0","0","0","0","0","0","0","0","0","0","0","0","0","0","0","0","0","0"
"196","Kaelon Black","SF","rb","8","17","53.3","0","0","0","0","0","0","0","71.5781","307.5901","2.2613","5.7338","4.6676","34.5664","0.1772","1.0184","0.4536","0.1048","0","0","0","0","0","0","0","0","0","0","0","0","0","0","0","0","0","0","0","0","0","0","0","0","0","0","0","0","0","0","0","0","0","0","0","0","0","0","0"
"197","Zachariah Branch","ATL","wr","11","17","103.2","0","0","0","0","0","0","0","0","0","0","59.7207","38.2804","477.1384","2.8184","0","0","0.149","1036.1272","0.4563","0","0","0","0","0","0","0","0","0","0","0","0","0","0","0","0","0","0","0","0","0","0","0","0","0","0","0","0","0","0","0","0","0","0","0","0","0"
"198","Malik Davis","DAL","rb","14","17","53","0","0","0","0","0","0","0","58.1638","244.5097","1.6777","12.1581","9.7588","68.2984","0.3497","0.8918","0.4041","0.1074","109.7673","0.0281","0","0","0","0","0","0","0","0","0","0","0","0","0","0","0","0","0","0","0","0","0","0","0","0","0","0","0","0","0","0","0","0","0","0","0","0","0"
"199","Xavier Legette","CAR","wr","5","17","103","0","0","0","0","0","0","0","2.4727","14.7699","0.0715","63.6327","39.7366","441.1675","2.8632","0.4618","0.2511","0.1547","543.7375","0.139","0","0","0","0","0","0","0","0","0","0","0","0","0","0","0","0","0","0","0","0","0","0","0","0","0","0","0","0","0","0","0","0","0","0","0","0","0"
"200","Emari Demercado","KC","rb","5","17","52.9","0","0","0","0","0","0","0","38.7924","178.2038","1.0811","18.2341","14.5826","105.1704","0.6028","0.6818","0.3176","0.0998","0","0","0","0","0","0","0","0","0","0","0","0","0","0","0","0","0","0","0","0","0","0","0","0","0","0","0","0","0","0","0","0","0","0","0","0","0","0","0"
"201","Ray Davis","BUF","rb","7","17","51.6","0","0","0","0","0","0","0","40.5965","179.0722","1.2652","16.0142","12.9733","94.8337","0.6204","0.6889","0.3187","0.1038","712.6979","0.1821","0","0","0","0","0","0","0","0","0","0","0","0","0","0","0","0","0","0","0","0","0","0","0","0","0","0","0","0","0","0","0","0","0","0","0","0","0"
"202","Jonah Coleman","DEN","rb","10","17","50.8","0","0","0","0","0","0","0","43.9881","189.3539","1.4204","15.3325","12.1754","84.2509","0.4816","0.7262","0.3342","0.0877","0","0","0","0","0","0","0","0","0","0","0","0","0","0","0","0","0","0","0","0","0","0","0","0","0","0","0","0","0","0","0","0","0","0","0","0","0","0","0"
"203","Kendrick Bourne","ARZ","wr","14","17","100","0","0","0","0","0","0","0","0","0","0","61.894","41.3387","457.1554","2.1004","0","0","0.1493","0","0","0","0","0","0","0","0","0","0","0","0","0","0","0","0","0","0","0","0","0","0","0","0","0","0","0","0","0","0","0","0","0","0","0","0","0","0","0"
"204","Tyquan Thornton","KC","wr","5","17","99.1","0","0","0","0","0","0","0","0","0","0","54.7023","31.6112","491.3815","3.0089","0","0","0.141","0","0","0","0","0","0","0","0","0","0","0","0","0","0","0","0","0","0","0","0","0","0","0","0","0","0","0","0","0","0","0","0","0","0","0","0","0","0","0"
"205","Jack Bech","LV","wr","13","17","97.9","0","0","0","0","0","0","0","0","0","0","59.5705","39.4058","441.405","2.3365","0","0","0.1426","0","0","0","0","0","0","0","0","0","0","0","0","0","0","0","0","0","0","0","0","0","0","0","0","0","0","0","0","0","0","0","0","0","0","0","0","0","0","0"
"206","Kimani Vidal","LAC","rb","7","17","47.2","0","0","0","0","0","0","0","43.3631","182.1812","1.1421","14.1353","11.3515","81.4859","0.4709","0.7088","0.3255","0.0831","0","0","0","0","0","0","0","0","0","0","0","0","0","0","0","0","0","0","0","0","0","0","0","0","0","0","0","0","0","0","0","0","0","0","0","0","0","0","0"
"207","Adonai Mitchell","NYJ","wr","13","17","97.2","0","0","0","0","0","0","0","0.7816","4.6757","0.0236","62.3005","36.093","440.7677","2.7211","0.3996","0.2194","0.1418","0","0","0","0","0","0","0","0","0","0","0","0","0","0","0","0","0","0","0","0","0","0","0","0","0","0","0","0","0","0","0","0","0","0","0","0","0","0","0"
"208","De'Zhaun Stribling","SF","wr","8","17","96.6","0","0","0","0","0","0","0","0","0","0","54.471","35.8461","451.7061","2.5528","0","0","0.1566","0","0","0","0","0","0","0","0","0","0","0","0","0","0","0","0","0","0","0","0","0","0","0","0","0","0","0","0","0","0","0","0","0","0","0","0","0","0","0"
"209","Emmett Johnson","KC","rb","5","17","45.4","0","0","0","0","0","0","0","28.0783","120.2962","0.8946","17.6263","14.1667","102.8144","0.6011","0.5325","0.2513","0.0837","0","0","0","0","0","0","0","0","0","0","0","0","0","0","0","0","0","0","0","0","0","0","0","0","0","0","0","0","0","0","0","0","0","0","0","0","0","0","0"
"210","Devin Singletary","NYG","rb","8","17","43.6","0","0","0","0","0","0","0","43.3033","183.6644","1.4694","11.0185","9.0715","60.5058","0.2358","0.6834","0.3116","0.0788","0","0","0","0","0","0","0","0","0","0","0","0","0","0","0","0","0","0","0","0","0","0","0","0","0","0","0","0","0","0","0","0","0","0","0","0","0","0","0"
"211","Nicholas Singleton","TEN","rb","9","17","43.2","0","0","0","0","0","0","0","30.9399","133.1073","0.9368","16.4952","12.9896","87.8281","0.436","0.5585","0.2614","0.0646","72.9875","0.0187","0","0","0","0","0","0","0","0","0","0","0","0","0","0","0","0","0","0","0","0","0","0","0","0","0","0","0","0","0","0","0","0","0","0","0","0","0"
"212","Caleb Douglas","MIA","wr","6","17","93.1","0","0","0","0","0","0","0","0","0","0","54.1063","35.1839","434.7033","2.3598","0","0","0.1465","0","0","0","0","0","0","0","0","0","0","0","0","0","0","0","0","0","0","0","0","0","0","0","0","0","0","0","0","0","0","0","0","0","0","0","0","0","0","0"
"213","Sean Tucker","TB","rb","10","17","42.9","0","0","0","0","0","0","0","55.9706","230.0388","1.8632","5.6401","4.5057","32.4375","0.2023","0.8055","0.3598","0.0795","0","0","0","0","0","0","0","0","0","0","0","0","0","0","0","0","0","0","0","0","0","0","0","0","0","0","0","0","0","0","0","0","0","0","0","0","0","0","0"
"214","Tre Harris","LAC","wr","7","17","92.1","0","0","0","0","0","0","0","0.4251","2.5064","0.0172","54.2794","36.6648","415.5245","2.2379","0.401","0.2207","0.1386","0","0","0","0","0","0","0","0","0","0","0","0","0","0","0","0","0","0","0","0","0","0","0","0","0","0","0","0","0","0","0","0","0","0","0","0","0","0","0"
"215","Rashod Bateman","BLT","wr","13","17","92","0","0","0","0","0","0","0","0","0","0","50.672","31.8222","410.8121","3.1314","0","0","0.1731","0","0","0","0","0","0","0","0","0","0","0","0","0","0","0","0","0","0","0","0","0","0","0","0","0","0","0","0","0","0","0","0","0","0","0","0","0","0","0"
"216","Trevor Etienne","CAR","rb","5","17","41.7","0","0","0","0","0","0","0","28.8482","120.8655","0.8082","16.5998","13.231","90.3273","0.4355","0.5328","0.2504","0.0694","1036.4964","0.4559","0","0","0","0","0","0","0","0","0","0","0","0","0","0","0","0","0","0","0","0","0","0","0","0","0","0","0","0","0","0","0","0","0","0","0","0","0"
"217","Tyler Badie","DEN","rb","10","17","40.5","0","0","0","0","0","0","0","3.7704","15.6655","0.1066","25.3577","20.438","137.9075","0.6716","0.2713","0.144","0.0674","620.399","0.1586","0","0","0","0","0","0","0","0","0","0","0","0","0","0","0","0","0","0","0","0","0","0","0","0","0","0","0","0","0","0","0","0","0","0","0","0","0"
"218","Ollie Gordon II","MIA","rb","6","17","40.4","0","0","0","0","0","0","0","45.4229","183.1982","1.5241","8.2865","6.8244","47.9226","0.2414","0.6879","0.3109","0.069","333.1014","0.0851","0","0","0","0","0","0","0","0","0","0","0","0","0","0","0","0","0","0","0","0","0","0","0","0","0","0","0","0","0","0","0","0","0","0","0","0","0"
"219","Dawson Knox","BUF","te","7","17","80.6","0","0","0","0","0","0","0","0","0","0","43.6248","32.0871","321.766","2.6797","0","0","0.1401","0","0","0","0","0","0","0","0","0","0","0","0","0","0","0","0","0","0","0","0","0","0","0","0","0","0","0","0","0","0","0","0","0","0","0","0","0","0","0"
"220","Andrei Iosivas","CIN","wr","6","17","89.7","0","0","0","0","0","0","0","0.7231","4.3232","0.0235","52.7635","34.7834","374.8891","2.7994","0.3847","0.2112","0.1427","0","0","0","0","0","0","0","0","0","0","0","0","0","0","0","0","0","0","0","0","0","0","0","0","0","0","0","0","0","0","0","0","0","0","0","0","0","0","0"
"221","Terrance Ferguson","LA","te","11","17","79.7","0","0","0","0","0","0","0","0","0","0","47.2301","27.0374","347.6006","2.939","0","0","0.1349","0","0","0","0","0","0","0","0","0","0","0","0","0","0","0","0","0","0","0","0","0","0","0","0","0","0","0","0","0","0","0","0","0","0","0","0","0","0","0"
"222","Chris Bell","MIA","wr","6","17","88.9","0","0","0","0","0","0","0","0","0","0","51.6691","33.5779","415.1221","2.2506","0","0","0.1399","0","0","0","0","0","0","0","0","0","0","0","0","0","0","0","0","0","0","0","0","0","0","0","0","0","0","0","0","0","0","0","0","0","0","0","0","0","0","0"
"223","Jordan James","SF","rb","8","17","38.9","0","0","0","0","0","0","0","51.862","214.0077","1.4274","5.7338","4.6739","34.4009","0.1608","0.7518","0.3364","0.0805","0","0","0","0","0","0","0","0","0","0","0","0","0","0","0","0","0","0","0","0","0","0","0","0","0","0","0","0","0","0","0","0","0","0","0","0","0","0","0"
"224","Noah Gray","KC","te","5","17","76.1","0","0","0","0","0","0","0","0","0","0","42.5462","31.2161","303.1959","2.3854","0","0","0.1097","0","0","0","0","0","0","0","0","0","0","0","0","0","0","0","0","0","0","0","0","0","0","0","0","0","0","0","0","0","0","0","0","0","0","0","0","0","0","0"
"225","Jaydon Blue","DAL","rb","14","17","34.8","0","0","0","0","0","0","0","43.7259","180.4217","1.2387","6.079","4.9368","34.2857","0.1828","0.6446","0.2895","0.0724","0","0","0","0","0","0","0","0","0","0","0","0","0","0","0","0","0","0","0","0","0","0","0","0","0","0","0","0","0","0","0","0","0","0","0","0","0","0","0"
"226","Jawhar Jordan","HST","rb","8","17","34.7","0","0","0","0","0","0","0","21.6587","91.8349","0.5267","14.7613","11.87","83.5013","0.3735","0.4209","0.1995","0.0588","0","0","0","0","0","0","0","0","0","0","0","0","0","0","0","0","0","0","0","0","0","0","0","0","0","0","0","0","0","0","0","0","0","0","0","0","0","0","0"
"227","Kayshon Boutte","NE","wr","11","17","84.5","0","0","0","0","0","0","0","0","0","0","46.4553","28.4386","402.1044","2.5995","0","0","0.1333","0","0","0","0","0","0","0","0","0","0","0","0","0","0","0","0","0","0","0","0","0","0","0","0","0","0","0","0","0","0","0","0","0","0","0","0","0","0","0"
"228","Jahan Dotson","ATL","wr","11","17","83.9","0","0","0","0","0","0","0","0","0","0","49.5682","30.423","393.7298","2.3156","0","0","0.1237","0","0","0","0","0","0","0","0","0","0","0","0","0","0","0","0","0","0","0","0","0","0","0","0","0","0","0","0","0","0","0","0","0","0","0","0","0","0","0"
"229","Jalen Tolbert","MIA","wr","6","17","83.5","0","0","0","0","0","0","0","0","0","0","48.7444","30.5846","388.1521","2.3015","0","0","0.132","0","0","0","0","0","0","0","0","0","0","0","0","0","0","0","0","0","0","0","0","0","0","0","0","0","0","0","0","0","0","0","0","0","0","0","0","0","0","0"
"230","Christian Kirk","SF","wr","8","17","82.7","0","0","0","0","0","0","0","0","0","0","47.5904","32.2011","369.9698","2.2056","0","0","0.1368","0","0","0","0","0","0","0","0","0","0","0","0","0","0","0","0","0","0","0","0","0","0","0","0","0","0","0","0","0","0","0","0","0","0","0","0","0","0","0"
"231","Adam Randall","BLT","rb","13","17","32.5","0","0","0","0","0","0","0","43.9359","195.5468","1.4933","2.5336","2.0582","14.9038","0.0918","0.6164","0.2737","0.0642","0","0","0","0","0","0","0","0","0","0","0","0","0","0","0","0","0","0","0","0","0","0","0","0","0","0","0","0","0","0","0","0","0","0","0","0","0","0","0"
"232","Will Shipley","PHI","rb","10","17","31.5","0","0","0","0","0","0","0","22.2855","92.2862","0.674","11.8373","9.7036","66.8204","0.3235","0.406","0.1903","0.0634","706.4208","0.1805","0","0","0","0","0","0","0","0","0","0","0","0","0","0","0","0","0","0","0","0","0","0","0","0","0","0","0","0","0","0","0","0","0","0","0","0","0"
"233","Ja'Kobi Lane","BLT","wr","13","17","81.1","0","0","0","0","0","0","0","0","0","0","45.0981","29.4782","365.857","2.4518","0","0","0.1541","0","0","0","0","0","0","0","0","0","0","0","0","0","0","0","0","0","0","0","0","0","0","0","0","0","0","0","0","0","0","0","0","0","0","0","0","0","0","0"
"234","Kyle Juszczyk","SF","rb","8","17","31","0","0","0","0","0","0","0","3.8575","15.7125","0.124","17.2014","13.7691","112.4401","0.6095","0.2006","0.1049","0.0542","0","0","0","0","0","0","0","0","0","0","0","0","0","0","0","0","0","0","0","0","0","0","0","0","0","0","0","0","0","0","0","0","0","0","0","0","0","0","0"
"235","Joshua Palmer","BUF","wr","7","17","80.7","0","0","0","0","0","0","0","0","0","0","46.9381","29.9593","377.5203","2.1116","0","0","0.1508","0","0","0","0","0","0","0","0","0","0","0","0","0","0","0","0","0","0","0","0","0","0","0","0","0","0","0","0","0","0","0","0","0","0","0","0","0","0","0"
"236","Tutu Atwell","MIA","wr","6","17","80.6","0","0","0","0","0","0","0","0","0","0","48.7444","30.0045","392.1837","1.8589","0","0","0.132","0","0","0","0","0","0","0","0","0","0","0","0","0","0","0","0","0","0","0","0","0","0","0","0","0","0","0","0","0","0","0","0","0","0","0","0","0","0","0"
"237","Tahj Brooks","CIN","rb","6","17","30.3","0","0","0","0","0","0","0","38.6863","158.2476","1.0873","5.1477","4.2006","29.2823","0.1535","0.5685","0.2552","0.0731","530.1556","0.1355","0","0","0","0","0","0","0","0","0","0","0","0","0","0","0","0","0","0","0","0","0","0","0","0","0","0","0","0","0","0","0","0","0","0","0","0","0"
"238","Theo Johnson","NYG","te","8","17","70.7","0","0","0","0","0","0","0","0","0","0","42.4213","29.3141","286.3515","2.0794","0","0","0.1136","0","0","0","0","0","0","0","0","0","0","0","0","0","0","0","0","0","0","0","0","0","0","0","0","0","0","0","0","0","0","0","0","0","0","0","0","0","0","0"
"239","Tommy Tremble","CAR","te","5","17","70.5","0","0","0","0","0","0","0","0","0","0","41.4996","30.5009","276.6923","2.0225","0","0","0.0992","0","0","0","0","0","0","0","0","0","0","0","0","0","0","0","0","0","0","0","0","0","0","0","0","0","0","0","0","0","0","0","0","0","0","0","0","0","0","0"
"240","Darnell Mooney","NYG","wr","8","17","79.3","0","0","0","0","0","0","0","0","0","0","49.5834","29.9724","368.95","2.027","0","0","0.1328","0","0","0","0","0","0","0","0","0","0","0","0","0","0","0","0","0","0","0","0","0","0","0","0","0","0","0","0","0","0","0","0","0","0","0","0","0","0","0"
"241","Kaleb Johnson","PIT","rb","9","17","29.1","0","0","0","0","0","0","0","31.0409","126.0075","0.8356","7.6494","6.1198","41.4523","0.2263","0.4858","0.2211","0.057","537.2639","0.1373","0","0","0","0","0","0","0","0","0","0","0","0","0","0","0","0","0","0","0","0","0","0","0","0","0","0","0","0","0","0","0","0","0","0","0","0","0"
"242","Pat Bryant","DEN","wr","10","17","79.1","0","0","0","0","0","0","0","0","0","0","47.7668","31.8266","349.7187","2.016","0","0","0.119","0","0","0","0","0","0","0","0","0","0","0","0","0","0","0","0","0","0","0","0","0","0","0","0","0","0","0","0","0","0","0","0","0","0","0","0","0","0","0"
"243","Devaughn Vele","NO","wr","8","17","77.8","0","0","0","0","0","0","0","0","0","0","47.6761","31.879","333.7753","2.0522","0","0","0.1102","0","0","0","0","0","0","0","0","0","0","0","0","0","0","0","0","0","0","0","0","0","0","0","0","0","0","0","0","0","0","0","0","0","0","0","0","0","0","0"
"244","Erick All","CIN","te","6","17","67.9","0","0","0","0","0","0","0","0","0","0","37.964","28.7649","263.6805","2.0978","0","0","0.1019","0","0","0","0","0","0","0","0","0","0","0","0","0","0","0","0","0","0","0","0","0","0","0","0","0","0","0","0","0","0","0","0","0","0","0","0","0","0","0"
"245","LeQuint Allen","JAX","rb","7","17","26.3","0","0","0","0","0","0","0","10.9685","45.3743","0.3253","13.027","10.5807","71.3758","0.3554","0.2624","0.1282","0.0487","529.5438","0.1353","0","0","0","0","0","0","0","0","0","0","0","0","0","0","0","0","0","0","0","0","0","0","0","0","0","0","0","0","0","0","0","0","0","0","0","0","0"
"246","Mason Taylor","NYJ","te","13","17","66.3","0","0","0","0","0","0","0","0","0","0","39.6458","29.6584","264.8172","1.6562","0","0","0.0897","0","0","0","0","0","0","0","0","0","0","0","0","0","0","0","0","0","0","0","0","0","0","0","0","0","0","0","0","0","0","0","0","0","0","0","0","0","0","0"
"247","Hunter Luepke","DAL","rb","14","17","25.7","0","0","0","0","0","0","0","7.8377","32.6173","0.2282","13.3739","10.8017","76.3151","0.438","0.2224","0.1109","0.0462","0","0","0","0","0","0","0","0","0","0","0","0","0","0","0","0","0","0","0","0","0","0","0","0","0","0","0","0","0","0","0","0","0","0","0","0","0","0","0"
"248","Jerome Ford","WAS","rb","7","17","25.3","0","0","0","0","0","0","0","21.2461","92.317","0.6468","7.9851","6.6279","44.022","0.2097","0.3588","0.1658","0.0473","0","0","0","0","0","0","0","0","0","0","0","0","0","0","0","0","0","0","0","0","0","0","0","0","0","0","0","0","0","0","0","0","0","0","0","0","0","0","0"
"249","Elijah Arroyo","SEA","te","11","17","65.7","0","0","0","0","0","0","0","0","0","0","37.4367","27.3273","264.4099","1.9535","0","0","0.107","0","0","0","0","0","0","0","0","0","0","0","0","0","0","0","0","0","0","0","0","0","0","0","0","0","0","0","0","0","0","0","0","0","0","0","0","0","0","0"
"250","Kaytron Allen","WAS","rb","7","17","24.5","0","0","0","0","0","0","0","25.4953","110.562","0.878","5.3234","4.2768","29.6816","0.1694","0.3909","0.1771","0.0452","0","0","0","0","0","0","0","0","0","0","0","0","0","0","0","0","0","0","0","0","0","0","0","0","0","0","0","0","0","0","0","0","0","0","0","0","0","0","0"
"251","Dontayvion Wicks","PHI","wr","10","17","74.5","0","0","0","0","0","0","0","0","0","0","44.1209","28.0577","338.5951","2.0437","0","0","0.1356","0","0","0","0","0","0","0","0","0","0","0","0","0","0","0","0","0","0","0","0","0","0","0","0","0","0","0","0","0","0","0","0","0","0","0","0","0","0","0"
"252","Olamide Zaccheaus","ATL","wr","11","17","74.3","0","0","0","0","0","0","0","0","0","0","43.5961","30.0576","316.11","2.0625","0","0","0.1088","0","0","0","0","0","0","0","0","0","0","0","0","0","0","0","0","0","0","0","0","0","0","0","0","0","0","0","0","0","0","0","0","0","0","0","0","0","0","0"
"253","Darnell Washington","PIT","te","9","17","64.4","0","0","0","0","0","0","0","0","0","0","37.0702","27.2529","248.8483","2.0113","0","0","0.0928","0","0","0","0","0","0","0","0","0","0","0","0","0","0","0","0","0","0","0","0","0","0","0","0","0","0","0","0","0","0","0","0","0","0","0","0","0","0","0"
"254","Tyler Goodson","ATL","rb","11","17","23.7","0","0","0","0","0","0","0","24.6158","102.3005","0.6984","5.9721","4.7922","34.0753","0.1866","0.3846","0.175","0.0436","0","0","0","0","0","0","0","0","0","0","0","0","0","0","0","0","0","0","0","0","0","0","0","0","0","0","0","0","0","0","0","0","0","0","0","0","0","0","0"
"255","Demond Claiborne","MIN","rb","6","17","23.4","0","0","0","0","0","0","0","15.9556","68.9139","0.5051","8.8721","7.1512","48.4977","0.2552","0.2929","0.1375","0.0407","0","0","0","0","0","0","0","0","0","0","0","0","0","0","0","0","0","0","0","0","0","0","0","0","0","0","0","0","0","0","0","0","0","0","0","0","0","0","0"
"256","Mitchell Evans","CAR","te","5","17","62.7","0","0","0","0","0","0","0","0","0","0","36.5196","27.1021","243.0923","1.8505","0","0","0.0873","0","0","0","0","0","0","0","0","0","0","0","0","0","0","0","0","0","0","0","0","0","0","0","0","0","0","0","0","0","0","0","0","0","0","0","0","0","0","0"
"257","Darius Slayton","NYG","wr","8","17","71.6","0","0","0","0","0","0","0","0","0","0","44.0741","26.8708","338.4933","1.7695","0","0","0.118","0","0","0","0","0","0","0","0","0","0","0","0","0","0","0","0","0","0","0","0","0","0","0","0","0","0","0","0","0","0","0","0","0","0","0","0","0","0","0"
"258","David Njoku","LAC","te","7","17","61.8","0","0","0","0","0","0","0","0","0","0","35.0554","25.949","245.2098","1.8578","0","0","0.0892","0","0","0","0","0","0","0","0","0","0","0","0","0","0","0","0","0","0","0","0","0","0","0","0","0","0","0","0","0","0","0","0","0","0","0","0","0","0","0"
"259","James Conner","ARZ","rb","14","17","21.1","0","0","0","0","0","0","0","18.8062","81.6292","0.6267","5.9513","4.9228","32.5642","0.1753","0.3074","0.1412","0.0374","0","0","0","0","0","0","0","0","0","0","0","0","0","0","0","0","0","0","0","0","0","0","0","0","0","0","0","0","0","0","0","0","0","0","0","0","0","0","0"
"260","Isaac TeSlaa","DET","wr","6","17","71","0","0","0","0","0","0","0","0","0","0","39.2054","24.6531","310.2438","2.5159","0","0","0.1184","0","0","0","0","0","0","0","0","0","0","0","0","0","0","0","0","0","0","0","0","0","0","0","0","0","0","0","0","0","0","0","0","0","0","0","0","0","0","0"
"261","Devontez Walker","BLT","wr","13","17","70.5","0","0","0","0","0","0","0","0","0","0","38.004","23.0552","332.4654","2.3153","0","0","0.1298","0","0","0","0","0","0","0","0","0","0","0","0","0","0","0","0","0","0","0","0","0","0","0","0","0","0","0","0","0","0","0","0","0","0","0","0","0","0","0"
"262","Ted Hurst","TB","wr","10","17","69.7","0","0","0","0","0","0","0","0","0","0","39.4807","25.6432","316.2659","2.0318","0","0","0.1075","0","0","0","0","0","0","0","0","0","0","0","0","0","0","0","0","0","0","0","0","0","0","0","0","0","0","0","0","0","0","0","0","0","0","0","0","0","0","0"
"263","Ashton Dulin","IND","wr","13","17","69.3","0","0","0","0","0","0","0","5.349","32.3395","0.2443","39.5498","23.9387","308.1734","1.6374","0.3304","0.1742","0.1148","532.4694","0.1361","0","0","0","0","0","0","0","0","0","0","0","0","0","0","0","0","0","0","0","0","0","0","0","0","0","0","0","0","0","0","0","0","0","0","0","0","0"
"264","Jeremy McNichols","WAS","rb","7","17","19.2","0","0","0","0","0","0","0","11.5888","49.8474","0.3636","7.9851","6.5731","44.2897","0.1798","0.2276","0.1081","0.0357","0","0","0","0","0","0","0","0","0","0","0","0","0","0","0","0","0","0","0","0","0","0","0","0","0","0","0","0","0","0","0","0","0","0","0","0","0","0","0"
"265","George Holani","SEA","rb","11","8","18.5","0","0","0","0","0","0","0","24.8995","101.8932","0.7299","2.5954","2.1125","14.9466","0.0671","0.3595","0.1607","0.0357","0","0","0","0","0","0","0","0","0","0","0","0","0","0","0","0","0","0","0","0","0","0","0","0","0","0","0","0","0","0","0","0","0","0","0","0","0","0","0"
"266","Treylon Burks","WAS","wr","7","17","68.4","0","0","0","0","0","0","0","0","0","0","40.9902","25.065","312.6527","1.9734","0","0","0.1115","0","0","0","0","0","0","0","0","0","0","0","0","0","0","0","0","0","0","0","0","0","0","0","0","0","0","0","0","0","0","0","0","0","0","0","0","0","0","0"
"267","Seth McGowan","IND","rb","13","17","17.4","0","0","0","0","0","0","0","13.9896","60.6416","0.4916","5.5704","4.4318","30.8249","0.1593","0.237","0.1096","0.0319","0","0","0","0","0","0","0","0","0","0","0","0","0","0","0","0","0","0","0","0","0","0","0","0","0","0","0","0","0","0","0","0","0","0","0","0","0","0","0"
"268","Jake Tonges","SF","te","8","17","57.4","0","0","0","0","0","0","0","0","0","0","30.7137","23.1132","234.5305","1.7758","0","0","0.0903","0","0","0","0","0","0","0","0","0","0","0","0","0","0","0","0","0","0","0","0","0","0","0","0","0","0","0","0","0","0","0","0","0","0","0","0","0","0","0"
"269","Jaylin Noel","HST","wr","8","17","66.6","0","0","0","0","0","0","0","6.0644","35.1726","0.2351","36.9033","24.4046","273.8309","1.6449","0.3451","0.1813","0.0971","1012.0932","0.4382","0","0","0","0","0","0","0","0","0","0","0","0","0","0","0","0","0","0","0","0","0","0","0","0","0","0","0","0","0","0","0","0","0","0","0","0","0"
"270","Eli Heidenreich","PIT","rb","9","17","16.2","0","0","0","0","0","0","0","11.6403","50.2989","0.3655","5.8842","4.6676","32.2046","0.1922","0.2077","0.097","0.0289","0","0","0","0","0","0","0","0","0","0","0","0","0","0","0","0","0","0","0","0","0","0","0","0","0","0","0","0","0","0","0","0","0","0","0","0","0","0","0"
"271","Marlin Klein","HST","te","8","17","56.6","0","0","0","0","0","0","0","0","0","0","32.3614","23.3306","234.2747","1.6138","0","0","0.0796","0","0","0","0","0","0","0","0","0","0","0","0","0","0","0","0","0","0","0","0","0","0","0","0","0","0","0","0","0","0","0","0","0","0","0","0","0","0","0"
"272","Eli Stowers","PHI","te","10","17","55.7","0","0","0","0","0","0","0","3.4958","21.0959","0.1825","29.5933","22.1755","213.3587","1.4941","0.2863","0.1527","0.0952","0","0","0","0","0","0","0","0","0","0","0","0","0","0","0","0","0","0","0","0","0","0","0","0","0","0","0","0","0","0","0","0","0","0","0","0","0","0","0"
"273","Dylan Laube","LV","rb","13","17","15.1","0","0","0","0","0","0","0","11.8654","47.2943","0.2897","5.6734","4.587","32.0866","0.1497","0.2099","0.0979","0.0267","706.0593","0.1804","0","0","0","0","0","0","0","0","0","0","0","0","0","0","0","0","0","0","0","0","0","0","0","0","0","0","0","0","0","0","0","0","0","0","0","0","0"
"274","KaVontae Turpin","DAL","wr","14","17","65","0","0","0","0","0","0","0","14.4378","86.4385","0.2943","30.3952","20.637","247.5754","1.5403","0.4177","0.2087","0.1008","1485.3795","0.5634","0","0","0","0","0","0","0","0","0","0","0","0","0","0","0","0","0","0","0","0","0","0","0","0","0","0","0","0","0","0","0","0","0","0","0","0","0"
"275","Chimere Dike","TEN","wr","9","17","64.6","0","0","0","0","0","0","0","11.6024","68.2882","0.5704","34.128","22.7725","233.8702","1.3769","0.4024","0.2045","0.0823","1527.7491","0.5842","0","0","0","0","0","0","0","0","0","0","0","0","0","0","0","0","0","0","0","0","0","0","0","0","0","0","0","0","0","0","0","0","0","0","0","0","0"
"276","Troy Franklin","DEN","wr","10","17","63.7","0","0","0","0","0","0","0","1.6757","10.0027","0.0529","37.1519","22.8121","281.5051","1.8947","0.2686","0.1457","0.0945","0","0","0","0","0","0","0","0","0","0","0","0","0","0","0","0","0","0","0","0","0","0","0","0","0","0","0","0","0","0","0","0","0","0","0","0","0","0","0"
"277","Marquise Brown","PHI","wr","10","17","63.6","0","0","0","0","0","0","0","0","0","0","37.6642","23.8533","291.3831","1.7278","0","0","0.1157","0","0","0","0","0","0","0","0","0","0","0","0","0","0","0","0","0","0","0","0","0","0","0","0","0","0","0","0","0","0","0","0","0","0","0","0","0","0","0"
"278","Sione Vaki","DET","rb","6","17","13","0","0","0","0","0","0","0","11.0265","45.9722","0.3374","4.0961","3.3304","23.6075","0.1143","0.185","0.0854","0.0265","0","0","0","0","0","0","0","0","0","0","0","0","0","0","0","0","0","0","0","0","0","0","0","0","0","0","0","0","0","0","0","0","0","0","0","0","0","0","0"
"279","Durham Smythe","BLT","te","13","17","53.3","0","0","0","0","0","0","0","0","0","0","29.3898","22.0894","204.3915","1.7628","0","0","0.1004","0","0","0","0","0","0","0","0","0","0","0","0","0","0","0","0","0","0","0","0","0","0","0","0","0","0","0","0","0","0","0","0","0","0","0","0","0","0","0"
"280","Oscar Delp","NO","te","8","17","53.1","0","0","0","0","0","0","0","0","0","0","30.6489","22.5729","216.1763","1.4665","0","0","0.0708","0","0","0","0","0","0","0","0","0","0","0","0","0","0","0","0","0","0","0","0","0","0","0","0","0","0","0","0","0","0","0","0","0","0","0","0","0","0","0"
"281","Kendre Miller","NO","rb","8","17","12.3","0","0","0","0","0","0","0","12.6508","53.0965","0.3222","3.4054","2.766","18.7722","0.0775","0.2009","0.0917","0.0205","0","0","0","0","0","0","0","0","0","0","0","0","0","0","0","0","0","0","0","0","0","0","0","0","0","0","0","0","0","0","0","0","0","0","0","0","0","0","0"
"282","Malachi Fields","NYG","wr","8","17","62.3","0","0","0","0","0","0","0","0","0","0","37.463","23.9431","283.0277","1.6466","0","0","0.1003","0","0","0","0","0","0","0","0","0","0","0","0","0","0","0","0","0","0","0","0","0","0","0","0","0","0","0","0","0","0","0","0","0","0","0","0","0","0","0"
"283","Jam Miller","NE","rb","11","17","12.2","0","0","0","0","0","0","0","12.5445","54.0534","0.4167","2.7009","2.2022","15.7894","0.0899","0.1934","0.0877","0.0227","0","0","0","0","0","0","0","0","0","0","0","0","0","0","0","0","0","0","0","0","0","0","0","0","0","0","0","0","0","0","0","0","0","0","0","0","0","0","0"
"284","Raheim Sanders","CLV","rb","11","17","11.3","0","0","0","0","0","0","0","12.2528","50.2604","0.374","2.729","2.153","14.8762","0.0675","0.1889","0.0857","0.018","0","0","0","0","0","0","0","0","0","0","0","0","0","0","0","0","0","0","0","0","0","0","0","0","0","0","0","0","0","0","0","0","0","0","0","0","0","0","0"
"285","Cole Kmet","CHI","te","10","17","51.7","0","0","0","0","0","0","0","0","0","0","30.5045","21.8804","206.5348","1.5087","0","0","0.0795","0","0","0","0","0","0","0","0","0","0","0","0","0","0","0","0","0","0","0","0","0","0","0","0","0","0","0","0","0","0","0","0","0","0","0","0","0","0","0"
"286","Rasheen Ali","BLT","rb","13","17","10.9","0","0","0","0","0","0","0","4.3936","18.8953","0.1325","5.0672","4.1454","29.5304","0.1797","0.1041","0.0508","0.0229","702.8052","0.1796","0","0","0","0","0","0","0","0","0","0","0","0","0","0","0","0","0","0","0","0","0","0","0","0","0","0","0","0","0","0","0","0","0","0","0","0","0"
"287","Kalif Raymond","CHI","wr","10","17","60.7","0","0","0","0","0","0","0","2.2589","13.5116","0.0723","35.0237","24.2389","267.8117","1.3147","0.2918","0.1576","0.0937","303.4457","0.2612","0","0","0","0","0","0","0","0","0","0","0","0","0","0","0","0","0","0","0","0","0","0","0","0","0","0","0","0","0","0","0","0","0","0","0","0","0"
"288","Ja'Tavion Sanders","CAR","te","5","17","51.1","0","0","0","0","0","0","0","0","0","0","29.8797","22.1668","199.9265","1.4581","0","0","0.0715","0","0","0","0","0","0","0","0","0","0","0","0","0","0","0","0","0","0","0","0","0","0","0","0","0","0","0","0","0","0","0","0","0","0","0","0","0","0","0"
"289","Tyler Higbee","LA","te","11","17","50.8","0","0","0","0","0","0","0","0","0","0","29.0647","21.1808","205.164","1.4973","0","0","0.083","0","0","0","0","0","0","0","0","0","0","0","0","0","0","0","0","0","0","0","0","0","0","0","0","0","0","0","0","0","0","0","0","0","0","0","0","0","0","0"
"290","British Brooks","HST","rb","8","17","8.9","0","0","0","0","0","0","0","7.7971","32.2652","0.222","2.8387","2.2534","16.1516","0.0849","0.1297","0.0598","0.0151","0","0","0","0","0","0","0","0","0","0","0","0","0","0","0","0","0","0","0","0","0","0","0","0","0","0","0","0","0","0","0","0","0","0","0","0","0","0","0"
"291","Roschon Johnson","CHI","rb","10","17","8.6","0","0","0","0","0","0","0","11.2946","46.4909","0.379","1.1298","0.9088","6.0825","0.0276","0.1626","0.0726","0.0148","0","0","0","0","0","0","0","0","0","0","0","0","0","0","0","0","0","0","0","0","0","0","0","0","0","0","0","0","0","0","0","0","0","0","0","0","0","0","0"
"292","Brashard Smith","KC","rb","5","17","8.4","0","0","0","0","0","0","0","14.7781","59.9905","0.4084","0","0","0","0","0.1999","0.0879","0.0201","818.7306","0.2092","0","0","0","0","0","0","0","0","0","0","0","0","0","0","0","0","0","0","0","0","0","0","0","0","0","0","0","0","0","0","0","0","0","0","0","0","0"
"293","Devin Neal","NO","rb","8","17","8.2","0","0","0","0","0","0","0","8.4339","34.8165","0.214","2.2703","1.8961","12.496","0.0507","0.1345","0.0615","0.0137","0","0","0","0","0","0","0","0","0","0","0","0","0","0","0","0","0","0","0","0","0","0","0","0","0","0","0","0","0","0","0","0","0","0","0","0","0","0","0"
"294","Marvin Mims Jr.","DEN","wr","10","17","57.2","0","0","0","0","0","0","0","10.8923","65.0224","0.3082","28.3062","19.4933","221.2417","1.2121","0.3574","0.1808","0.0828","920.1006","0.4165","0","0","0","0","0","0","0","0","0","0","0","0","0","0","0","0","0","0","0","0","0","0","0","0","0","0","0","0","0","0","0","0","0","0","0","0","0"
"295","Antonio Williams","WAS","wr","7","17","56.5","0","0","0","0","0","0","0","3.0903","18.6512","0.1614","31.4081","20.5131","241.5098","1.5008","0.2629","0.1404","0.0892","0","0","0","0","0","0","0","0","0","0","0","0","0","0","0","0","0","0","0","0","0","0","0","0","0","0","0","0","0","0","0","0","0","0","0","0","0","0","0"
"296","Patrick Ricard","NYG","rb","8","17","6.4","0","0","0","0","0","0","0","0.8328","3.4492","0.0254","3.8565","3.0576","21.1107","0.1179","0.0442","0.0231","0.0113","0","0","0","0","0","0","0","0","0","0","0","0","0","0","0","0","0","0","0","0","0","0","0","0","0","0","0","0","0","0","0","0","0","0","0","0","0","0","0"
"297","DeeJay Dallas","JAX","rb","7","17","5.7","0","0","0","0","0","0","0","2.0312","8.4904","0.0601","2.9607","2.3712","16.1799","0.0914","0.053","0.0262","0.0105","701.9535","0.1794","0","0","0","0","0","0","0","0","0","0","0","0","0","0","0","0","0","0","0","0","0","0","0","0","0","0","0","0","0","0","0","0","0","0","0","0","0"
"298","Adam Prentice","DEN","rb","10","17","5.5","0","0","0","0","0","0","0","9.2165","38.0872","0.2873","0","0","0","0","0.1246","0.0548","0.0104","0","0","0","0","0","0","0","0","0","0","0","0","0","0","0","0","0","0","0","0","0","0","0","0","0","0","0","0","0","0","0","0","0","0","0","0","0","0","0"
"299","Ronnie Rivers","LA","rb","11","17","5.3","0","0","0","0","0","0","0","4.2691","17.9692","0.1225","1.8165","1.4792","10.4292","0.0478","0.0737","0.0342","0.0107","508.1439","0.1299","0","0","0","0","0","0","0","0","0","0","0","0","0","0","0","0","0","0","0","0","0","0","0","0","0","0","0","0","0","0","0","0","0","0","0","0","0"
"300","Max Bredeson","MIN","rb","6","17","5.2","0","0","0","0","0","0","0","1.5956","6.8919","0.0505","2.7725","2.2347","15.1555","0.0798","0.0457","0.0228","0.0089","0","0","0","0","0","0","0","0","0","0","0","0","0","0","0","0","0","0","0","0","0","0","0","0","0","0","0","0","0","0","0","0","0","0","0","0","0","0","0"
"301","Luke McCaffrey","WAS","wr","7","17","55.1","0","0","0","0","0","0","0","0","0","0","31.9404","20.5194","249.3266","1.572","0","0","0.0869","557.1634","0.1424","0","0","0","0","0","0","0","0","0","0","0","0","0","0","0","0","0","0","0","0","0","0","0","0","0","0","0","0","0","0","0","0","0","0","0","0","0"
"302","Jack Westover","NE","rb","11","17","4.3","0","0","0","0","0","0","0","0","0","0","2.7009","2.1981","15.7145","0.0796","0","0","0.0077","0","0","0","0","0","0","0","0","0","0","0","0","0","0","0","0","0","0","0","0","0","0","0","0","0","0","0","0","0","0","0","0","0","0","0","0","0","0","0"
"303","Robbie Ouzts","SEA","rb","11","17","3.7","0","0","0","0","0","0","0","0.4411","1.9031","0.0148","2.2022","1.7921","12.5046","0.0623","0.0253","0.0133","0.0068","0","0","0","0","0","0","0","0","0","0","0","0","0","0","0","0","0","0","0","0","0","0","0","0","0","0","0","0","0","0","0","0","0","0","0","0","0","0","0"
"304","Elijah Sarratt","BLT","wr","13","17","53.7","0","0","0","0","0","0","0","0","0","0","29.8965","19.5196","242.5344","1.6213","0","0","0.1021","0","0","0","0","0","0","0","0","0","0","0","0","0","0","0","0","0","0","0","0","0","0","0","0","0","0","0","0","0","0","0","0","0","0","0","0","0","0","0"
"305","Alec Ingold","LAC","rb","7","17","3.4","0","0","0","0","0","0","0","5.9518","24.2631","0.1694","0","0","0","0","0.0805","0.0354","0.0065","0","0","0","0","0","0","0","0","0","0","0","0","0","0","0","0","0","0","0","0","0","0","0","0","0","0","0","0","0","0","0","0","0","0","0","0","0","0","0"
"306","AJ Dillon","CAR","rb","5","17","3.4","0","0","0","0","0","0","0","4.5333","18.4531","0.122","0.5533","0.4406","3.0325","0.0149","0.0661","0.0296","0.006","0","0","0","0","0","0","0","0","0","0","0","0","0","0","0","0","0","0","0","0","0","0","0","0","0","0","0","0","0","0","0","0","0","0","0","0","0","0","0"
"307","Michael Carter","TEN","rb","9","17","3.2","0","0","0","0","0","0","0","2.7072","11.1095","0.0713","1.1376","0.8931","6.091","0.0269","0.0462","0.0214","0.005","0","0","0","0","0","0","0","0","0","0","0","0","0","0","0","0","0","0","0","0","0","0","0","0","0","0","0","0","0","0","0","0","0","0","0","0","0","0","0"
"308","Tory Horton","SEA","wr","11","17","53.1","0","0","0","0","0","0","0","0","0","0","30.2797","18.5289","241.0795","1.7106","0","0","0.0865","0","0","0","0","0","0","0","0","0","0","0","0","0","0","0","0","0","0","0","0","0","0","0","0","0","0","0","0","0","0","0","0","0","0","0","0","0","0","0"
"309","Austin Hooper","ATL","te","11","17","43.3","0","0","0","0","0","0","0","0","0","0","24.4855","17.9013","175.2053","1.2861","0","0","0.0611","0","0","0","0","0","0","0","0","0","0","0","0","0","0","0","0","0","0","0","0","0","0","0","0","0","0","0","0","0","0","0","0","0","0","0","0","0","0","0"
"310","Jack Stoll","CLV","te","11","17","43.2","0","0","0","0","0","0","0","0","0","0","26.198","18.8829","167.4616","1.2391","0","0","0.059","0","0","0","0","0","0","0","0","0","0","0","0","0","0","0","0","0","0","0","0","0","0","0","0","0","0","0","0","0","0","0","0","0","0","0","0","0","0","0"
"311","Will Kacmarek","MIA","te","6","17","43.2","0","0","0","0","0","0","0","0","0","0","24.3722","17.8806","180.6547","1.1809","0","0","0.066","0","0","0","0","0","0","0","0","0","0","0","0","0","0","0","0","0","0","0","0","0","0","0","0","0","0","0","0","0","0","0","0","0","0","0","0","0","0","0"
"312","Savion Williams","GB","wr","11","17","52.3","0","0","0","0","0","0","0","12.248","72.9863","0.333","25.0619","17.592","181.8868","1.2006","0.3553","0.1775","0.0888","0","0","0","0","0","0","0","0","0","0","0","0","0","0","0","0","0","0","0","0","0","0","0","0","0","0","0","0","0","0","0","0","0","0","0","0","0","0","0"
"313","Nick Westbrook-Ikhine","IND","wr","13","17","52.1","0","0","0","0","0","0","0","0","0","0","31.7513","20.3963","226.729","1.4752","0","0","0.087","0","0","0","0","0","0","0","0","0","0","0","0","0","0","0","0","0","0","0","0","0","0","0","0","0","0","0","0","0","0","0","0","0","0","0","0","0","0","0"
"314","Brady Russell","SEA","rb","11","17","2","0","0","0","0","0","0","0","0.4411","1.9029","0.0148","1.1011","0.8961","6.255","0.0314","0.0156","0.008","0.0037","0","0","0","0","0","0","0","0","0","0","0","0","0","0","0","0","0","0","0","0","0","0","0","0","0","0","0","0","0","0","0","0","0","0","0","0","0","0","0"
"315","Xavier Hutchinson","HST","wr","8","17","51.6","0","0","0","0","0","0","0","1.2995","7.558","0.0516","31.2259","19.8348","229.2661","1.2976","0.2314","0.1257","0.0782","0","0","0","0","0","0","0","0","0","0","0","0","0","0","0","0","0","0","0","0","0","0","0","0","0","0","0","0","0","0","0","0","0","0","0","0","0","0","0"
"316","Ben VanSumeren","BUF","rb","7","17","1.1","0","0","0","0","0","0","0","1.7651","7.6966","0.062","0","0","0","0","0.0239","0.0105","0.0023","0","0","0","0","0","0","0","0","0","0","0","0","0","0","0","0","0","0","0","0","0","0","0","0","0","0","0","0","0","0","0","0","0","0","0","0","0","0","0"
"317","Fernando Mendoza","LV","qb","13","17","159.1","0","221.1517","319.6737","2198.6392","13.4086","7.2597","24.1575","29.8529","182.9717","0.8123","0","0","0","0","0","0","0.7915","0","0","0","0","0","0","0","0","0","0","0","0","0","0","0","0","0","0","0","0","0","0","0","0","0","0","0","0","0","0","0","0","0","0","0","0","0","0","0"
"318","Reggie Gilliam","NE","rb","11","17","0.8","0","0","0","0","0","0","0","1.2544","5.1537","0.0421","0","0","0","0","0.017","0.0075","0.0015","0","0","0","0","0","0","0","0","0","0","0","0","0","0","0","0","0","0","0","0","0","0","0","0","0","0","0","0","0","0","0","0","0","0","0","0","0","0","0"
"319","Andrew Beck","NYJ","rb","13","17","0.5","0","0","0","0","0","0","0","0.7816","3.2373","0.0229","0","0","0","0","0.0106","0.0046","0.0008","0","0","0","0","0","0","0","0","0","0","0","0","0","0","0","0","0","0","0","0","0","0","0","0","0","0","0","0","0","0","0","0","0","0","0","0","0","0","0"
"320","Luke Schoonmaker","DAL","te","14","17","40.8","0","0","0","0","0","0","0","0","0","0","23.1003","17.1571","159.6809","1.2633","0","0","0.0625","0","0","0","0","0","0","0","0","0","0","0","0","0","0","0","0","0","0","0","0","0","0","0","0","0","0","0","0","0","0","0","0","0","0","0","0","0","0","0"
"321","Kene Nwangwu","NYJ","rb","13","17","0","0","0","0","0","0","0","0","0","0","0","0","0","0","0","0","0","0","722.1915","0.1846","0","0","0","0","0","0","0","0","0","0","0","0","0","0","0","0","0","0","0","0","0","0","0","0","0","0","0","0","0","0","0","0","0","0","0","0","0"
"322","Isaac Guerendo","SF","rb","8","17","0","0","0","0","0","0","0","0","0","0","0","0","0","0","0","0","0","0","542.7609","0.1387","0","0","0","0","0","0","0","0","0","0","0","0","0","0","0","0","0","0","0","0","0","0","0","0","0","0","0","0","0","0","0","0","0","0","0","0","0"
"323","Jacob Saylors","DET","rb","6","17","0","0","0","0","0","0","0","0","0","0","0","0","0","0","0","0","0","0","614.9","0.1571","0","0","0","0","0","0","0","0","0","0","0","0","0","0","0","0","0","0","0","0","0","0","0","0","0","0","0","0","0","0","0","0","0","0","0","0","0"
"324","Drew Sample","CIN","te","6","17","40.2","0","0","0","0","0","0","0","0","0","0","21.8776","18.2201","150.3056","1.1431","0","0","0.0587","0","0","0","0","0","0","0","0","0","0","0","0","0","0","0","0","0","0","0","0","0","0","0","0","0","0","0","0","0","0","0","0","0","0","0","0","0","0","0"
"325","Roman Wilson","PIT","wr","9","17","49.6","0","0","0","0","0","0","0","0","0","0","30.0092","18.1709","224.4992","1.4762","0","0","0.0751","0","0","0","0","0","0","0","0","0","0","0","0","0","0","0","0","0","0","0","0","0","0","0","0","0","0","0","0","0","0","0","0","0","0","0","0","0","0","0"
"326","Nate Boerkircher","JAX","te","7","17","40.1","0","0","0","0","0","0","0","0","0","0","23.0933","16.6915","161.8136","1.1849","0","0","0.062","0","0","0","0","0","0","0","0","0","0","0","0","0","0","0","0","0","0","0","0","0","0","0","0","0","0","0","0","0","0","0","0","0","0","0","0","0","0","0"
"327","Bryce Lance","NO","wr","8","17","49.5","0","0","0","0","0","0","0","0","0","0","29.5138","19.1741","225.636","1.2655","0","0","0.0682","0","0","0","0","0","0","0","0","0","0","0","0","0","0","0","0","0","0","0","0","0","0","0","0","0","0","0","0","0","0","0","0","0","0","0","0","0","0","0"
"328","Cade Stover","HST","te","8","17","40","0","0","0","0","0","0","0","2.599","15.115","0.1343","22.142","16.7476","145.6868","1.0664","0.2157","0.1151","0.0572","0","0","0","0","0","0","0","0","0","0","0","0","0","0","0","0","0","0","0","0","0","0","0","0","0","0","0","0","0","0","0","0","0","0","0","0","0","0","0"
"329","Jackson Hawes","BUF","te","7","17","39.7","0","0","0","0","0","0","0","0","0","0","21.5363","16.258","158.0912","1.2506","0","0","0.0692","0","0","0","0","0","0","0","0","0","0","0","0","0","0","0","0","0","0","0","0","0","0","0","0","0","0","0","0","0","0","0","0","0","0","0","0","0","0","0"
"330","Sam Roush","CHI","te","10","17","38.6","0","0","0","0","0","0","0","0","0","0","22.596","16.2972","155.6201","1.1014","0","0","0.0589","0","0","0","0","0","0","0","0","0","0","0","0","0","0","0","0","0","0","0","0","0","0","0","0","0","0","0","0","0","0","0","0","0","0","0","0","0","0","0"
"331","Tua Tagovailoa","ATL","qb","11","17","155.9","0","226.3467","320.6145","2336.6204","15.3472","8.403","19.6143","11.7587","74.3805","0.066","0","0","0","0","0","0","0.7964","0","0","0","0","0","0","0","0","0","0","0","0","0","0","0","0","0","0","0","0","0","0","0","0","0","0","0","0","0","0","0","0","0","0","0","0","0","0","0"
"332","Elijah Higgins","ARZ","te","14","17","38.3","0","0","0","0","0","0","0","0","0","0","22.6151","17.0478","152.8086","0.9824","0","0","0.0546","0","0","0","0","0","0","0","0","0","0","0","0","0","0","0","0","0","0","0","0","0","0","0","0","0","0","0","0","0","0","0","0","0","0","0","0","0","0","0"
"333","Matthew Hibner","BLT","te","13","17","37.8","0","0","0","0","0","0","0","0","0","0","20.2688","15.1942","151.7017","1.2245","0","0","0.0692","0","0","0","0","0","0","0","0","0","0","0","0","0","0","0","0","0","0","0","0","0","0","0","0","0","0","0","0","0","0","0","0","0","0","0","0","0","0","0"
"334","Max Klare","LA","te","11","17","37.4","0","0","0","0","0","0","0","0","0","0","21.193","15.3066","155.7641","1.0727","0","0","0.0605","0","0","0","0","0","0","0","0","0","0","0","0","0","0","0","0","0","0","0","0","0","0","0","0","0","0","0","0","0","0","0","0","0","0","0","0","0","0","0"
"335","Ben Sinnott","WAS","te","7","17","37.2","0","0","0","0","0","0","0","0","0","0","21.2936","15.6312","146.9123","1.1347","0","0","0.0579","0","0","0","0","0","0","0","0","0","0","0","0","0","0","0","0","0","0","0","0","0","0","0","0","0","0","0","0","0","0","0","0","0","0","0","0","0","0","0"
"336","Josh Oliver","MIN","te","6","17","37.1","0","0","0","0","0","0","0","0","0","0","20.5167","15.6772","138.3254","1.2556","0","0","0.0522","0","0","0","0","0","0","0","0","0","0","0","0","0","0","0","0","0","0","0","0","0","0","0","0","0","0","0","0","0","0","0","0","0","0","0","0","0","0","0"
"337","Mack Hollins","NE","wr","11","17","46.5","0","0","0","0","0","0","0","0.4181","2.4993","0.0147","25.9285","16.424","213.603","1.3855","0.1827","0.1002","0.0749","0","0","0","0","0","0","0","0","0","0","0","0","0","0","0","0","0","0","0","0","0","0","0","0","0","0","0","0","0","0","0","0","0","0","0","0","0","0","0"
"338","John Bates","WAS","te","7","17","37","0","0","0","0","0","0","0","0","0","0","21.2936","15.5498","144.4323","1.1467","0","0","0.0579","0","0","0","0","0","0","0","0","0","0","0","0","0","0","0","0","0","0","0","0","0","0","0","0","0","0","0","0","0","0","0","0","0","0","0","0","0","0","0"
"339","Xavier Smith","LA","wr","11","17","46.1","0","0","0","0","0","0","0","0","0","0","26.6426","16.8125","224.4119","1.1108","0","0","0.0761","284.4009","0.2448","0","0","0","0","0","0","0","0","0","0","0","0","0","0","0","0","0","0","0","0","0","0","0","0","0","0","0","0","0","0","0","0","0","0","0","0","0"
"340","Tip Reiman","ARZ","te","14","17","36.2","0","0","0","0","0","0","0","0","0","0","22.02","15.95","141.3457","1.0075","0","0","0.0531","0","0","0","0","0","0","0","0","0","0","0","0","0","0","0","0","0","0","0","0","0","0","0","0","0","0","0","0","0","0","0","0","0","0","0","0","0","0","0"
"341","Tanner Koziol","JAX","te","7","17","36","0","0","0","0","0","0","0","0","0","0","20.7248","14.9796","145.2173","1.0634","0","0","0.0556","0","0","0","0","0","0","0","0","0","0","0","0","0","0","0","0","0","0","0","0","0","0","0","0","0","0","0","0","0","0","0","0","0","0","0","0","0","0","0"
"342","Eli Raridon","NE","te","11","17","35.7","0","0","0","0","0","0","0","0","0","0","19.4464","14.612","144.6445","1.0792","0","0","0.0558","0","0","0","0","0","0","0","0","0","0","0","0","0","0","0","0","0","0","0","0","0","0","0","0","0","0","0","0","0","0","0","0","0","0","0","0","0","0","0"
"343","Jeremy Ruckert","NYJ","te","13","17","35.5","0","0","0","0","0","0","0","0","0","0","20.3893","15.7276","135.0762","1.0239","0","0","0.0461","0","0","0","0","0","0","0","0","0","0","0","0","0","0","0","0","0","0","0","0","0","0","0","0","0","0","0","0","0","0","0","0","0","0","0","0","0","0","0"
"344","Adam Trautman","DEN","te","10","17","35.4","0","0","0","0","0","0","0","0","0","0","20.64","14.9386","139.0448","1.0824","0","0","0.0514","0","0","0","0","0","0","0","0","0","0","0","0","0","0","0","0","0","0","0","0","0","0","0","0","0","0","0","0","0","0","0","0","0","0","0","0","0","0","0"
"345","Tanner Hudson","CIN","te","6","17","35","0","0","0","0","0","0","0","0","0","0","19.3037","14.8069","135.631","1.0897","0","0","0.0518","0","0","0","0","0","0","0","0","0","0","0","0","0","0","0","0","0","0","0","0","0","0","0","0","0","0","0","0","0","0","0","0","0","0","0","0","0","0","0"
"346","Noah Fant","NO","te","8","17","34.3","0","0","0","0","0","0","0","0","0","0","19.865","15.1569","136.5495","0.9038","0","0","0.0459","0","0","0","0","0","0","0","0","0","0","0","0","0","0","0","0","0","0","0","0","0","0","0","0","0","0","0","0","0","0","0","0","0","0","0","0","0","0","0"
"347","Ben Sims","MIA","te","6","17","34.2","0","0","0","0","0","0","0","0","0","0","19.4978","14.3184","137.8484","0.9964","0","0","0.0528","0","0","0","0","0","0","0","0","0","0","0","0","0","0","0","0","0","0","0","0","0","0","0","0","0","0","0","0","0","0","0","0","0","0","0","0","0","0","0"
"348","Riley Nowakowski","PIT","te","9","17","34","0","0","0","0","0","0","0","0","0","0","19.4177","13.9923","135.2184","1.0576","0","0","0.0486","0","0","0","0","0","0","0","0","0","0","0","0","0","0","0","0","0","0","0","0","0","0","0","0","0","0","0","0","0","0","0","0","0","0","0","0","0","0","0"
"349","Cyrus Allen","KC","wr","5","17","42.9","0","0","0","0","0","0","0","0","0","0","24.3121","15.7893","195.5741","1.2351","0","0","0.0627","0","0","0","0","0","0","0","0","0","0","0","0","0","0","0","0","0","0","0","0","0","0","0","0","0","0","0","0","0","0","0","0","0","0","0","0","0","0","0"
"350","Daniel Bellinger","TEN","te","9","17","33.4","0","0","0","0","0","0","0","0","0","0","19.908","14.5492","135.1723","0.8779","0","0","0.0414","0","0","0","0","0","0","0","0","0","0","0","0","0","0","0","0","0","0","0","0","0","0","0","0","0","0","0","0","0","0","0","0","0","0","0","0","0","0","0"
"351","Jordan Whittington","LA","wr","11","17","42.1","0","0","0","0","0","0","0","1.7076","10.3922","0.0786","23.615","16.9185","184.3394","0.869","0.2055","0.1108","0.0697","762.2158","0.1948","0","0","0","0","0","0","0","0","0","0","0","0","0","0","0","0","0","0","0","0","0","0","0","0","0","0","0","0","0","0","0","0","0","0","0","0","0"
"352","Tai Felton","MIN","wr","6","17","41.3","0","0","0","0","0","0","0","0","0","0","25.5073","16.8818","180.0898","1.0542","0","0","0.0649","82.3706","0.0211","0","0","0","0","0","0","0","0","0","0","0","0","0","0","0","0","0","0","0","0","0","0","0","0","0","0","0","0","0","0","0","0","0","0","0","0","0"
"353","Brock Wright","DET","te","6","17","31.5","0","0","0","0","0","0","0","0","0","0","17.5547","13.708","120.3012","0.9472","0","0","0.053","0","0","0","0","0","0","0","0","0","0","0","0","0","0","0","0","0","0","0","0","0","0","0","0","0","0","0","0","0","0","0","0","0","0","0","0","0","0","0"
"354","Luke Musgrave","GB","te","11","17","31.3","0","0","0","0","0","0","0","0","0","0","18.3787","13.2937","126.0821","0.8819","0","0","0.0543","0","0","0","0","0","0","0","0","0","0","0","0","0","0","0","0","0","0","0","0","0","0","0","0","0","0","0","0","0","0","0","0","0","0","0","0","0","0","0"
"355","Brenen Thompson","LAC","wr","7","17","40.7","0","0","0","0","0","0","0","0.8503","5.0128","0.0444","23.1818","15.0637","183.7048","1.083","0.1739","0.0947","0.0599","0","0","0","0","0","0","0","0","0","0","0","0","0","0","0","0","0","0","0","0","0","0","0","0","0","0","0","0","0","0","0","0","0","0","0","0","0","0","0"
"356","Tez Johnson","TB","wr","10","17","40.5","0","0","0","0","0","0","0","3.0138","17.8578","0.1269","21.4324","13.7045","169.8875","1.2043","0.1885","0.0995","0.0618","0","0","0","0","0","0","0","0","0","0","0","0","0","0","0","0","0","0","0","0","0","0","0","0","0","0","0","0","0","0","0","0","0","0","0","0","0","0","0"
"357","Demario Douglas","NE","wr","11","17","40.2","0","0","0","0","0","0","0","3.7633","22.4737","0.1259","20.5268","14.7937","168.9798","0.9066","0.2104","0.1104","0.0634","0","0","0","0","0","0","0","0","0","0","0","0","0","0","0","0","0","0","0","0","0","0","0","0","0","0","0","0","0","0","0","0","0","0","0","0","0","0","0"
"358","Mitchell Tinsley","CIN","wr","6","17","40.1","0","0","0","0","0","0","0","0","0","0","24.4514","14.6683","174.3431","1.308","0","0","0.0656","0","0","0","0","0","0","0","0","0","0","0","0","0","0","0","0","0","0","0","0","0","0","0","0","0","0","0","0","0","0","0","0","0","0","0","0","0","0","0"
"359","Joe Royer","CLV","te","11","17","30.6","0","0","0","0","0","0","0","0","0","0","18.0112","12.9187","125.0937","0.8515","0","0","0.0406","0","0","0","0","0","0","0","0","0","0","0","0","0","0","0","0","0","0","0","0","0","0","0","0","0","0","0","0","0","0","0","0","0","0","0","0","0","0","0"
"360","Devin Culp","TB","te","10","17","30.6","0","0","0","0","0","0","0","0","0","0","16.9203","12.1493","121.3531","1.0327","0","0","0.0461","0","0","0","0","0","0","0","0","0","0","0","0","0","0","0","0","0","0","0","0","0","0","0","0","0","0","0","0","0","0","0","0","0","0","0","0","0","0","0"
"361","Mo Alie-Cox","IND","te","13","17","30.5","0","0","0","0","0","0","0","0","0","0","17.8253","12.753","122.272","0.903","0","0","0.0489","0","0","0","0","0","0","0","0","0","0","0","0","0","0","0","0","0","0","0","0","0","0","0","0","0","0","0","0","0","0","0","0","0","0","0","0","0","0","0"
"362","Payne Durham","TB","te","10","17","30.4","0","0","0","0","0","0","0","0","0","0","16.9203","12.1335","120.5157","1.0262","0","0","0.0461","0","0","0","0","0","0","0","0","0","0","0","0","0","0","0","0","0","0","0","0","0","0","0","0","0","0","0","0","0","0","0","0","0","0","0","0","0","0","0"
"363","Jaylin Lane","WAS","wr","7","17","39.7","0","0","0","0","0","0","0","0.3863","2.3314","0.0136","23.9553","14.7759","180.4411","1.0919","0.1645","0.0902","0.0656","1050.873","0.4575","0","0","0","0","0","0","0","0","0","0","0","0","0","0","0","0","0","0","0","0","0","0","0","0","0","0","0","0","0","0","0","0","0","0","0","0","0"
"364","Josh Whyle","GB","te","11","17","29.2","0","0","0","0","0","0","0","0","0","0","16.7079","12.2438","113.6699","0.9177","0","0","0.0494","0","0","0","0","0","0","0","0","0","0","0","0","0","0","0","0","0","0","0","0","0","0","0","0","0","0","0","0","0","0","0","0","0","0","0","0","0","0","0"
"365","Jalen Royals","KC","wr","5","17","37.4","0","0","0","0","0","0","0","0","0","0","21.8809","14.3032","164.6986","1.0824","0","0","0.0564","0","0","0","0","0","0","0","0","0","0","0","0","0","0","0","0","0","0","0","0","0","0","0","0","0","0","0","0","0","0","0","0","0","0","0","0","0","0","0"
"366","Keon Coleman","BUF","wr","7","17","37.3","0","0","0","0","0","0","0","0","0","0","20.9841","12.9669","169.3519","1.2069","0","0","0.0674","0","0","0","0","0","0","0","0","0","0","0","0","0","0","0","0","0","0","0","0","0","0","0","0","0","0","0","0","0","0","0","0","0","0","0","0","0","0","0"
"367","Connor Heyward","LV","te","13","17","27.3","0","0","0","0","0","0","0","3.1641","17.2908","0.1625","14.1835","10.4431","97.799","0.7342","0.1554","0.081","0.0374","0","0","0","0","0","0","0","0","0","0","0","0","0","0","0","0","0","0","0","0","0","0","0","0","0","0","0","0","0","0","0","0","0","0","0","0","0","0","0"
"368","Dont'e Thornton Jr.","LV","wr","13","17","36.7","0","0","0","0","0","0","0","0","0","0","23.2609","13.3799","174.8765","0.9453","0","0","0.0557","0","0","0","0","0","0","0","0","0","0","0","0","0","0","0","0","0","0","0","0","0","0","0","0","0","0","0","0","0","0","0","0","0","0","0","0","0","0","0"
"369","Justin Joly","DEN","te","10","17","26.7","0","0","0","0","0","0","0","0","0","0","15.3325","11.0647","107.1961","0.8025","0","0","0.0382","0","0","0","0","0","0","0","0","0","0","0","0","0","0","0","0","0","0","0","0","0","0","0","0","0","0","0","0","0","0","0","0","0","0","0","0","0","0","0"
"370","Isaiah Williams","NYJ","wr","13","17","35.8","0","0","0","0","0","0","0","1.5631","9.3515","0.0341","21.522","15.6269","142.7308","0.7953","0.1896","0.1023","0.0503","868.1962","0.4176","0","0","0","0","0","0","0","0","0","0","0","0","0","0","0","0","0","0","0","0","0","0","0","0","0","0","0","0","0","0","0","0","0","0","0","0","0"
"371","Greg Dortch","DET","wr","6","17","35.6","0","0","0","0","0","0","0","6.1748","37.6981","0.3226","17.5547","13.3006","119.6516","0.7772","0.2269","0.1159","0.061","903.8395","0.4058","0","0","0","0","0","0","0","0","0","0","0","0","0","0","0","0","0","0","0","0","0","0","0","0","0","0","0","0","0","0","0","0","0","0","0","0","0"
"372","Brevyn Spann-Ford","DAL","te","14","17","25.8","0","0","0","0","0","0","0","0","0","0","14.5897","10.7447","101.5237","0.8079","0","0","0.0395","0","0","0","0","0","0","0","0","0","0","0","0","0","0","0","0","0","0","0","0","0","0","0","0","0","0","0","0","0","0","0","0","0","0","0","0","0","0","0"
"373","Skyler Bell","BUF","wr","7","17","35","0","0","0","0","0","0","0","0","0","0","19.8797","12.9014","161.3739","0.9711","0","0","0.0639","0","0","0","0","0","0","0","0","0","0","0","0","0","0","0","0","0","0","0","0","0","0","0","0","0","0","0","0","0","0","0","0","0","0","0","0","0","0","0"
"374","David Moore","CAR","wr","5","17","34.2","0","0","0","0","0","0","0","0","0","0","21.0265","13.2749","151.5466","0.9379","0","0","0.0503","0","0","0","0","0","0","0","0","0","0","0","0","0","0","0","0","0","0","0","0","0","0","0","0","0","0","0","0","0","0","0","0","0","0","0","0","0","0","0"
"375","Josh Cameron","JAX","wr","7","17","33.7","0","0","0","0","0","0","0","0","0","0","20.1327","12.7734","152.9044","0.9213","0","0","0.054","0","0","0","0","0","0","0","0","0","0","0","0","0","0","0","0","0","0","0","0","0","0","0","0","0","0","0","0","0","0","0","0","0","0","0","0","0","0","0"
"376","Calvin Austin III","NYG","wr","8","17","33.2","0","0","0","0","0","0","0","0","0","0","20.3843","12.6007","152.2","0.8743","0","0","0.0546","0","0","0","0","0","0","0","0","0","0","0","0","0","0","0","0","0","0","0","0","0","0","0","0","0","0","0","0","0","0","0","0","0","0","0","0","0","0","0"
"377","Kaden Wetjen","PIT","wr","9","17","32.3","0","0","0","0","0","0","0","0.776","4.639","0.0405","18.8293","11.8554","142.1224","0.9202","0.1383","0.0751","0.0481","1022.0028","0.4487","0","0","0","0","0","0","0","0","0","0","0","0","0","0","0","0","0","0","0","0","0","0","0","0","0","0","0","0","0","0","0","0","0","0","0","0","0"
"378","Davis Allen","LA","te","11","17","22.4","0","0","0","0","0","0","0","0","0","0","12.7158","9.4498","87.9967","0.6725","0","0","0.0363","0","0","0","0","0","0","0","0","0","0","0","0","0","0","0","0","0","0","0","0","0","0","0","0","0","0","0","0","0","0","0","0","0","0","0","0","0","0","0"
"379","Elic Ayomanor","TEN","wr","9","17","31.5","0","0","0","0","0","0","0","0","0","0","21.6144","12.4887","139.3254","0.8234","0","0","0.0449","0","0","0","0","0","0","0","0","0","0","0","0","0","0","0","0","0","0","0","0","0","0","0","0","0","0","0","0","0","0","0","0","0","0","0","0","0","0","0"
"380","Tyler Conklin","DET","te","6","17","20.6","0","0","0","0","0","0","0","0","0","0","11.7031","8.8138","83.0269","0.5726","0","0","0.0353","0","0","0","0","0","0","0","0","0","0","0","0","0","0","0","0","0","0","0","0","0","0","0","0","0","0","0","0","0","0","0","0","0","0","0","0","0","0","0"
"381","Deshaun Watson","CLV","qb","11","17","137.5","0","184.8547","265.8973","1832.877","11.2903","5.2434","26.3994","35.7762","203.8609","0.4425","0","0","0","0","0","0","0.6151","0","0","0","0","0","0","0","0","0","0","0","0","0","0","0","0","0","0","0","0","0","0","0","0","0","0","0","0","0","0","0","0","0","0","0","0","0","0","0"
"382","Zavion Thomas","CHI","wr","10","17","29.2","0","0","0","0","0","0","0","10.8428","64.8559","0.5661","11.8629","7.4001","88.5556","0.52","0.2264","0.1085","0.0423","838.9393","0.2144","0","0","0","0","0","0","0","0","0","0","0","0","0","0","0","0","0","0","0","0","0","0","0","0","0","0","0","0","0","0","0","0","0","0","0","0","0"
"383","Charlie Kolar","LAC","te","7","17","19.1","0","0","0","0","0","0","0","0","0","0","10.7428","7.8912","77.4292","0.5702","0","0","0.0273","0","0","0","0","0","0","0","0","0","0","0","0","0","0","0","0","0","0","0","0","0","0","0","0","0","0","0","0","0","0","0","0","0","0","0","0","0","0","0"
"384","Jonathan Mingo","DAL","wr","14","17","28.5","0","0","0","0","0","0","0","0","0","0","18.2371","11.3655","125.2478","0.7478","0","0","0.0494","0","0","0","0","0","0","0","0","0","0","0","0","0","0","0","0","0","0","0","0","0","0","0","0","0","0","0","0","0","0","0","0","0","0","0","0","0","0","0"
"385","Eric Saubert","SEA","te","11","17","18.7","0","0","0","0","0","0","0","0","0","0","10.4602","7.8652","72.9118","0.5765","0","0","0.0299","0","0","0","0","0","0","0","0","0","0","0","0","0","0","0","0","0","0","0","0","0","0","0","0","0","0","0","0","0","0","0","0","0","0","0","0","0","0","0"
"386","Luke Farrell","SF","te","8","17","18.2","0","0","0","0","0","0","0","0","0","0","10.1114","7.8153","71.4818","0.5281","0","0","0.0293","0","0","0","0","0","0","0","0","0","0","0","0","0","0","0","0","0","0","0","0","0","0","0","0","0","0","0","0","0","0","0","0","0","0","0","0","0","0","0"
"387","Ben Skowronek","PIT","wr","9","17","27.2","0","0","0","0","0","0","0","0","0","0","16.4756","10.6859","116.659","0.7915","0","0","0.0412","0","0","0","0","0","0","0","0","0","0","0","0","0","0","0","0","0","0","0","0","0","0","0","0","0","0","0","0","0","0","0","0","0","0","0","0","0","0","0"
"388","Anthony Gould","IND","wr","13","17","27.1","0","0","0","0","0","0","0","0","0","0","16.7112","10.9067","119.3884","0.6877","0","0","0.0458","1013.9788","0.4456","0","0","0","0","0","0","0","0","0","0","0","0","0","0","0","0","0","0","0","0","0","0","0","0","0","0","0","0","0","0","0","0","0","0","0","0","0"
"389","Cedric Tillman","CLV","wr","11","17","26.4","0","0","0","0","0","0","0","0","0","0","16.3738","9.9999","121.8944","0.695","0","0","0.0369","0","0","0","0","0","0","0","0","0","0","0","0","0","0","0","0","0","0","0","0","0","0","0","0","0","0","0","0","0","0","0","0","0","0","0","0","0","0","0"
"390","Arian Smith","NYJ","wr","13","17","26.3","0","0","0","0","0","0","0","2.3447","14.0272","0.042","14.7256","9.1039","116.8779","0.6423","0.1298","0.0681","0.0358","0","0","0","0","0","0","0","0","0","0","0","0","0","0","0","0","0","0","0","0","0","0","0","0","0","0","0","0","0","0","0","0","0","0","0","0","0","0","0"
"391","Jared Wiley","KC","te","5","17","16.3","0","0","0","0","0","0","0","0","0","0","9.117","6.6647","64.2297","0.5222","0","0","0.0235","0","0","0","0","0","0","0","0","0","0","0","0","0","0","0","0","0","0","0","0","0","0","0","0","0","0","0","0","0","0","0","0","0","0","0","0","0","0","0"
"392","Devin Duvernay","ARZ","wr","14","17","25.5","0","0","0","0","0","0","0","0","0","0","16.0686","10.2602","112.8803","0.6536","0","0","0.0388","1064.8913","0.4684","0","0","0","0","0","0","0","0","0","0","0","0","0","0","0","0","0","0","0","0","0","0","0","0","0","0","0","0","0","0","0","0","0","0","0","0","0"
"393","Kevin Coleman Jr.","MIA","wr","6","17","25.1","0","0","0","0","0","0","0","0","0","0","14.6233","9.4793","117.4874","0.6327","0","0","0.0396","0","0","0","0","0","0","0","0","0","0","0","0","0","0","0","0","0","0","0","0","0","0","0","0","0","0","0","0","0","0","0","0","0","0","0","0","0","0","0"
"394","Simi Fehoko","ARZ","wr","14","17","24.8","0","0","0","0","0","0","0","0","0","0","15.4735","9.5347","114.6783","0.6172","0","0","0.0373","0","0","0","0","0","0","0","0","0","0","0","0","0","0","0","0","0","0","0","0","0","0","0","0","0","0","0","0","0","0","0","0","0","0","0","0","0","0","0"
"395","CJ Dippre","NE","te","11","17","14.9","0","0","0","0","0","0","0","0","0","0","8.1027","6.0883","60.2685","0.4497","0","0","0.0232","0","0","0","0","0","0","0","0","0","0","0","0","0","0","0","0","0","0","0","0","0","0","0","0","0","0","0","0","0","0","0","0","0","0","0","0","0","0","0"
"396","Barion Brown","NO","wr","8","17","23.8","0","0","0","0","0","0","0","0","0","0","14.1893","9.2041","108.4789","0.6056","0","0","0.0328","1022.4826","0.4487","0","0","0","0","0","0","0","0","0","0","0","0","0","0","0","0","0","0","0","0","0","0","0","0","0","0","0","0","0","0","0","0","0","0","0","0","0"
"397","Grant Calcaterra","PHI","te","10","17","14.2","0","0","0","0","0","0","0","0","0","0","8.0709","6.1246","56.2462","0.4069","0","0","0.0248","0","0","0","0","0","0","0","0","0","0","0","0","0","0","0","0","0","0","0","0","0","0","0","0","0","0","0","0","0","0","0","0","0","0","0","0","0","0","0"
"398","Andrew Ogletree","IND","te","13","17","14","0","0","0","0","0","0","0","0","0","0","8.3556","5.7853","56.9324","0.4144","0","0","0.0229","0","0","0","0","0","0","0","0","0","0","0","0","0","0","0","0","0","0","0","0","0","0","0","0","0","0","0","0","0","0","0","0","0","0","0","0","0","0","0"
"399","Kylen Granson","TEN","te","9","17","13.7","0","0","0","0","0","0","0","0","0","0","8.532","5.8706","56.0803","0.3707","0","0","0.0177","0","0","0","0","0","0","0","0","0","0","0","0","0","0","0","0","0","0","0","0","0","0","0","0","0","0","0","0","0","0","0","0","0","0","0","0","0","0","0"
"400","Brycen Tremayne","CAR","wr","5","17","22.6","0","0","0","0","0","0","0","0","0","0","13.8332","9.2514","98.7308","0.5693","0","0","0.0331","0","0","0","0","0","0","0","0","0","0","0","0","0","0","0","0","0","0","0","0","0","0","0","0","0","0","0","0","0","0","0","0","0","0","0","0","0","0","0"
"401","Colbie Young","CIN","wr","6","17","22.5","0","0","0","0","0","0","0","0","0","0","12.8692","8.3466","102.0991","0.6381","0","0","0.0345","0","0","0","0","0","0","0","0","0","0","0","0","0","0","0","0","0","0","0","0","0","0","0","0","0","0","0","0","0","0","0","0","0","0","0","0","0","0","0"
"402","Konata Mumpfield","LA","wr","11","17","22.4","0","0","0","0","0","0","0","0","0","0","13.3213","8.22","104.2485","0.616","0","0","0.0381","0","0","0","0","0","0","0","0","0","0","0","0","0","0","0","0","0","0","0","0","0","0","0","0","0","0","0","0","0","0","0","0","0","0","0","0","0","0","0"
"403","KeAndre Lambert-Smith","LAC","wr","7","17","21.9","0","0","0","0","0","0","0","0","0","0","13.0044","7.972","102.6915","0.6071","0","0","0.0331","0","0","0","0","0","0","0","0","0","0","0","0","0","0","0","0","0","0","0","0","0","0","0","0","0","0","0","0","0","0","0","0","0","0","0","0","0","0","0"
"404","Demarcus Robinson","SF","wr","8","17","20.5","0","0","0","0","0","0","0","0","0","0","11.4676","7.2744","95.7343","0.6014","0","0","0.033","0","0","0","0","0","0","0","0","0","0","0","0","0","0","0","0","0","0","0","0","0","0","0","0","0","0","0","0","0","0","0","0","0","0","0","0","0","0","0"
"405","Benjamin Yurosek","MIN","te","6","17","10.4","0","0","0","0","0","0","0","0","0","0","6.0996","4.5235","40.3395","0.2936","0","0","0.0155","0","0","0","0","0","0","0","0","0","0","0","0","0","0","0","0","0","0","0","0","0","0","0","0","0","0","0","0","0","0","0","0","0","0","0","0","0","0","0"
"406","Malik Benson","LV","wr","13","17","19.2","0","0","0","0","0","0","0","0","0","0","11.3468","7.2266","89.049","0.4997","0","0","0.0272","0","0","0","0","0","0","0","0","0","0","0","0","0","0","0","0","0","0","0","0","0","0","0","0","0","0","0","0","0","0","0","0","0","0","0","0","0","0","0"
"407","Chris Manhertz","NYG","te","8","17","9.4","0","0","0","0","0","0","0","0","0","0","5.5093","3.9888","36.6365","0.284","0","0","0.0148","0","0","0","0","0","0","0","0","0","0","0","0","0","0","0","0","0","0","0","0","0","0","0","0","0","0","0","0","0","0","0","0","0","0","0","0","0","0","0"
"408","Deion Burks","IND","wr","13","17","18.5","0","0","0","0","0","0","0","0","0","0","11.1408","7.1223","85.021","0.4712","0","0","0.0305","0","0","0","0","0","0","0","0","0","0","0","0","0","0","0","0","0","0","0","0","0","0","0","0","0","0","0","0","0","0","0","0","0","0","0","0","0","0","0"
"409","Myles Price","MIN","wr","6","17","18.4","0","0","0","0","0","0","0","0","0","0","11.0901","7.1728","83.6038","0.4719","0","0","0.0282","1491.64","0.5668","0","0","0","0","0","0","0","0","0","0","0","0","0","0","0","0","0","0","0","0","0","0","0","0","0","0","0","0","0","0","0","0","0","0","0","0","0"
"410","Jalen Brooks","ARZ","wr","14","17","18","0","0","0","0","0","0","0","0","0","0","11.3076","6.9595","83.2211","0.4432","0","0","0.0273","0","0","0","0","0","0","0","0","0","0","0","0","0","0","0","0","0","0","0","0","0","0","0","0","0","0","0","0","0","0","0","0","0","0","0","0","0","0","0"
"411","Michael Penix Jr.","ATL","qb","11","17","126","0","189.6584","276.5929","1921.5066","10.8559","5.9681","16.0862","14.9328","98.5961","0.0661","0","0","0","0","0","0","0.6978","0","0","0","0","0","0","0","0","0","0","0","0","0","0","0","0","0","0","0","0","0","0","0","0","0","0","0","0","0","0","0","0","0","0","0","0","0","0","0"
"412","John Metchie III","CAR","wr","5","17","17.7","0","0","0","0","0","0","0","0","0","0","11.0666","7.7314","73.3524","0.4362","0","0","0.0265","0","0","0","0","0","0","0","0","0","0","0","0","0","0","0","0","0","0","0","0","0","0","0","0","0","0","0","0","0","0","0","0","0","0","0","0","0","0","0"
"413","Josh Cuevas","BLT","te","13","17","7.6","0","0","0","0","0","0","0","0","0","0","4.0538","3.0388","30.3403","0.2449","0","0","0.0138","0","0","0","0","0","0","0","0","0","0","0","0","0","0","0","0","0","0","0","0","0","0","0","0","0","0","0","0","0","0","0","0","0","0","0","0","0","0","0"
"414","Nikko Remigio","KC","wr","5","17","15.8","0","0","0","0","0","0","0","0.3695","2.1657","0.013","9.117","5.8178","70.3853","0.4453","0.0677","0.0368","0.024","727.1651","0.3661","0","0","0","0","0","0","0","0","0","0","0","0","0","0","0","0","0","0","0","0","0","0","0","0","0","0","0","0","0","0","0","0","0","0","0","0","0"
"415","Charlie Woerner","ATL","te","11","17","6.3","0","0","0","0","0","0","0","0","0","0","3.5832","2.6781","24.68","0.1874","0","0","0.0089","0","0","0","0","0","0","0","0","0","0","0","0","0","0","0","0","0","0","0","0","0","0","0","0","0","0","0","0","0","0","0","0","0","0","0","0","0","0","0"
"416","Jason Brownlee","KC","wr","5","17","15.7","0","0","0","0","0","0","0","0","0","0","9.117","5.7924","70.7334","0.4719","0","0","0.0235","0","0","0","0","0","0","0","0","0","0","0","0","0","0","0","0","0","0","0","0","0","0","0","0","0","0","0","0","0","0","0","0","0","0","0","0","0","0","0"
"417","Kyle Williams","NE","wr","11","17","15.4","0","0","0","0","0","0","0","1.6726","9.9971","0.0604","8.1027","4.828","67.4591","0.4082","0.0747","0.0387","0.0252","526.0382","0.1344","0","0","0","0","0","0","0","0","0","0","0","0","0","0","0","0","0","0","0","0","0","0","0","0","0","0","0","0","0","0","0","0","0","0","0","0","0"
"418","Jake Bobo","SEA","wr","11","17","14.3","0","0","0","0","0","0","0","0","0","0","8.2581","5.634","61.8675","0.3991","0","0","0.0236","0","0","0","0","0","0","0","0","0","0","0","0","0","0","0","0","0","0","0","0","0","0","0","0","0","0","0","0","0","0","0","0","0","0","0","0","0","0","0"
"419","Dominic Lovett","DET","wr","6","17","14.1","0","0","0","0","0","0","0","0","0","0","8.1922","5.3357","65.205","0.3735","0","0","0.0247","0","0","0","0","0","0","0","0","0","0","0","0","0","0","0","0","0","0","0","0","0","0","0","0","0","0","0","0","0","0","0","0","0","0","0","0","0","0","0"
"420","Skyy Moore","GB","wr","11","17","13.8","0","0","0","0","0","0","0","0","0","0","8.354","5.3975","60.4093","0.3783","0","0","0.0247","1011.6101","0.4398","0","0","0","0","0","0","0","0","0","0","0","0","0","0","0","0","0","0","0","0","0","0","0","0","0","0","0","0","0","0","0","0","0","0","0","0","0"
"421","Odell Beckham Jr.","NYG","wr","8","17","13.5","0","0","0","0","0","0","0","0","0","0","8.2639","5.0749","61.879","0.3702","0","0","0.0221","0","0","0","0","0","0","0","0","0","0","0","0","0","0","0","0","0","0","0","0","0","0","0","0","0","0","0","0","0","0","0","0","0","0","0","0","0","0","0"
"422","Shedeur Sanders","CLV","qb","11","17","120.7","0","189.306","279.8953","1821.1102","9.6009","8.7716","24.6446","24.4009","162.6075","0.115","0","0","0","0","0","0","0.6268","0","0","0","0","0","0","0","0","0","0","0","0","0","0","0","0","0","0","0","0","0","0","0","0","0","0","0","0","0","0","0","0","0","0","0","0","0","0","0"
"423","Isaiah Bond","CLV","wr","11","17","12.5","0","0","0","0","0","0","0","5.3095","30.4553","0.1531","5.4579","3.1291","40.7801","0.2233","0.1055","0.0502","0.0174","0","0","0","0","0","0","0","0","0","0","0","0","0","0","0","0","0","0","0","0","0","0","0","0","0","0","0","0","0","0","0","0","0","0","0","0","0","0","0"
"424","Brayden Willis","SF","te","8","4","2.4","0","0","0","0","0","0","0","0","0","0","1.3287","1.0009","9.9674","0.0718","0","0","0.0039","0","0","0","0","0","0","0","0","0","0","0","0","0","0","0","0","0","0","0","0","0","0","0","0","0","0","0","0","0","0","0","0","0","0","0","0","0","0","0"
"425","Dylan Drummond","ATL","wr","11","17","10","0","0","0","0","0","0","0","0","0","0","5.9721","3.9248","44.6101","0.2682","0","0","0.0149","0","0","0","0","0","0","0","0","0","0","0","0","0","0","0","0","0","0","0","0","0","0","0","0","0","0","0","0","0","0","0","0","0","0","0","0","0","0","0"
"426","Reggie Virgil","ARZ","wr","14","17","9.8","0","0","0","0","0","0","0","0","0","0","5.9513","3.812","44.5488","0.2442","0","0","0.0144","0","0","0","0","0","0","0","0","0","0","0","0","0","0","0","0","0","0","0","0","0","0","0","0","0","0","0","0","0","0","0","0","0","0","0","0","0","0","0"
"427","Jahdae Walker","CHI","wr","10","17","9.2","0","0","0","0","0","0","0","0","0","0","5.649","3.3985","41.7341","0.271","0","0","0.0147","0","0","0","0","0","0","0","0","0","0","0","0","0","0","0","0","0","0","0","0","0","0","0","0","0","0","0","0","0","0","0","0","0","0","0","0","0","0","0"
"428","Kirk Cousins","LV","qb","13","17","117.2","0","177.3174","247.6645","1798.8291","11.4478","5.011","15.2028","5.8924","26.7716","0.1099","0","0","0","0","0","0","0.5835","0","0","0","0","0","0","0","0","0","0","0","0","0","0","0","0","0","0","0","0","0","0","0","0","0","0","0","0","0","0","0","0","0","0","0","0","0","0","0"
"429","Malachi Corley","CLV","wr","11","17","9","0","0","0","0","0","0","0","10.2106","58.5678","0.5234","0","0","0","0","0.1381","0.0608","0.0099","816.8634","0.2088","0","0","0","0","0","0","0","0","0","0","0","0","0","0","0","0","0","0","0","0","0","0","0","0","0","0","0","0","0","0","0","0","0","0","0","0","0"
"430","Darius Cooper","PHI","wr","10","17","9","0","0","0","0","0","0","0","0","0","0","5.3806","3.588","39.7339","0.2299","0","0","0.0165","0","0","0","0","0","0","0","0","0","0","0","0","0","0","0","0","0","0","0","0","0","0","0","0","0","0","0","0","0","0","0","0","0","0","0","0","0","0","0"
"431","Charlie Jones","CIN","wr","6","17","8.8","0","0","0","0","0","0","0","0","0","0","5.1477","3.2285","40.3861","0.2477","0","0","0.0138","1004.3217","0.4391","0","0","0","0","0","0","0","0","0","0","0","0","0","0","0","0","0","0","0","0","0","0","0","0","0","0","0","0","0","0","0","0","0","0","0","0","0"
"432","Lil'Jordan Humphrey","DEN","wr","10","17","6.9","0","0","0","0","0","0","0","0","0","0","4.128","2.6754","29.2705","0.2075","0","0","0.0103","0","0","0","0","0","0","0","0","0","0","0","0","0","0","0","0","0","0","0","0","0","0","0","0","0","0","0","0","0","0","0","0","0","0","0","0","0","0","0"
"433","Mason Kinsey","TEN","wr","9","17","6.2","0","0","0","0","0","0","0","0","0","0","3.9816","2.3867","29.0251","0.1508","0","0","0.0083","0","0","0","0","0","0","0","0","0","0","0","0","0","0","0","0","0","0","0","0","0","0","0","0","0","0","0","0","0","0","0","0","0","0","0","0","0","0","0"
"434","Bryce Oliver","TEN","wr","9","17","6.1","0","0","0","0","0","0","0","0","0","0","3.9816","2.4775","27.5105","0.1508","0","0","0.0083","0","0","0","0","0","0","0","0","0","0","0","0","0","0","0","0","0","0","0","0","0","0","0","0","0","0","0","0","0","0","0","0","0","0","0","0","0","0","0"
"435","Derius Davis","LAC","wr","7","17","4.6","0","0","0","0","0","0","0","5.5267","32.5831","0.2222","0","0","0","0","0.0747","0.0329","0.006","926.7718","0.4174","0","0","0","0","0","0","0","0","0","0","0","0","0","0","0","0","0","0","0","0","0","0","0","0","0","0","0","0","0","0","0","0","0","0","0","0","0"
"436","Johnny Wilson","PHI","wr","10","17","4.4","0","0","0","0","0","0","0","0","0","0","2.6903","1.7449","19.6133","0.1202","0","0","0.0083","0","0","0","0","0","0","0","0","0","0","0","0","0","0","0","0","0","0","0","0","0","0","0","0","0","0","0","0","0","0","0","0","0","0","0","0","0","0","0"
"437","Jimmy Horn Jr.","CAR","wr","5","17","4.1","0","0","0","0","0","0","0","5.3575","32.0014","0.1468","0","0","0","0","0.0725","0.0319","0.0055","0","0","0","0","0","0","0","0","0","0","0","0","0","0","0","0","0","0","0","0","0","0","0","0","0","0","0","0","0","0","0","0","0","0","0","0","0","0","0"
"438","Bo Melton","GB","wr","11","17","3.3","0","0","0","0","0","0","0","4.3743","26.1391","0.1122","0","0","0","0","0.0592","0.026","0.0053","537.1018","0.1373","0","0","0","0","0","0","0","0","0","0","0","0","0","0","0","0","0","0","0","0","0","0","0","0","0","0","0","0","0","0","0","0","0","0","0","0","0"
"439","Mason Tipton","NO","wr","8","17","2.2","0","0","0","0","0","0","0","2.9519","16.6887","0.0896","0","0","0","0","0.0399","0.0176","0.0029","537.6864","0.1374","0","0","0","0","0","0","0","0","0","0","0","0","0","0","0","0","0","0","0","0","0","0","0","0","0","0","0","0","0","0","0","0","0","0","0","0","0"
"440","Kameron Johnson","TB","wr","10","17","0.7","0","0","0","0","0","0","0","0.8611","5.1022","0.0341","0","0","0","0","0.0116","0.0051","0.001","1027.7469","0.4486","0","0","0","0","0","0","0","0","0","0","0","0","0","0","0","0","0","0","0","0","0","0","0","0","0","0","0","0","0","0","0","0","0","0","0","0","0"
"441","Britain Covey","PHI","wr","10","17","0","0","0","0","0","0","0","0","0","0","0","0","0","0","0","0","0","0","293.2885","0.2524","0","0","0","0","0","0","0","0","0","0","0","0","0","0","0","0","0","0","0","0","0","0","0","0","0","0","0","0","0","0","0","0","0","0","0","0","0"
"442","Braxton Berrios","NYG","wr","8","17","0","0","0","0","0","0","0","0","0","0","0","0","0","0","0","0","0","0","1032.1646","0.4511","0","0","0","0","0","0","0","0","0","0","0","0","0","0","0","0","0","0","0","0","0","0","0","0","0","0","0","0","0","0","0","0","0","0","0","0","0"
"443","Ihmir Smith-Marsette","ARZ","wr","14","17","0","0","0","0","0","0","0","0","0","0","0","0","0","0","0","0","0","0","558.6964","0.1428","0","0","0","0","0","0","0","0","0","0","0","0","0","0","0","0","0","0","0","0","0","0","0","0","0","0","0","0","0","0","0","0","0","0","0","0","0"
"444","Cody White","SEA","wr","11","17","0","0","0","0","0","0","0","0","0","0","0","0","0","0","0","0","0","0","270.2241","0.0691","0","0","0","0","0","0","0","0","0","0","0","0","0","0","0","0","0","0","0","0","0","0","0","0","0","0","0","0","0","0","0","0","0","0","0","0","0"
"445","Jacob Cowing","SF","wr","8","17","0","0","0","0","0","0","0","0","0","0","0","0","0","0","0","0","0","0","1016.0858","0.4392","0","0","0","0","0","0","0","0","0","0","0","0","0","0","0","0","0","0","0","0","0","0","0","0","0","0","0","0","0","0","0","0","0","0","0","0","0"
"446","Dareke Young","LV","wr","13","17","0","0","0","0","0","0","0","0","0","0","0","0","0","0","0","0","0","0","532.6413","0.1361","0","0","0","0","0","0","0","0","0","0","0","0","0","0","0","0","0","0","0","0","0","0","0","0","0","0","0","0","0","0","0","0","0","0","0","0","0"
"447","LaJohntay Wester","BLT","wr","13","17","0","0","0","0","0","0","0","0","0","0","0","0","0","0","0","0","0","0","288.1799","0.248","0","0","0","0","0","0","0","0","0","0","0","0","0","0","0","0","0","0","0","0","0","0","0","0","0","0","0","0","0","0","0","0","0","0","0","0","0"
"448","Efton Chism III","NE","wr","11","17","0","0","0","0","0","0","0","0","0","0","0","0","0","0","0","0","0","0","697.3064","0.1782","0","0","0","0","0","0","0","0","0","0","0","0","0","0","0","0","0","0","0","0","0","0","0","0","0","0","0","0","0","0","0","0","0","0","0","0","0"
"449","Justin Fields","KC","qb","5","17","57.2","0","79.2693","111.622","749.6728","4.5117","2.4196","12.2244","15.064","106.8618","0.0375","0","0","0","0","0","0","0.3348","0","0","0","0","0","0","0","0","0","0","0","0","0","0","0","0","0","0","0","0","0","0","0","0","0","0","0","0","0","0","0","0","0","0","0","0","0","0","0"
"450","Cade Klubnik","NYJ","qb","13","17","47.2","0","78.1329","115.4477","746.4713","3.7273","3.0867","9.6436","6.894","47.3299","0.0357","0","0","0","0","0","0","0.2624","0","0","0","0","0","0","0","0","0","0","0","0","0","0","0","0","0","0","0","0","0","0","0","0","0","0","0","0","0","0","0","0","0","0","0","0","0","0","0"
"451","Will Howard","PIT","qb","9","17","44.5","0","73.3608","106.8485","693.6751","3.6215","2.904","8.6974","6.422","43.9189","0.0354","0","0","0","0","0","0","0.2781","0","0","0","0","0","0","0","0","0","0","0","0","0","0","0","0","0","0","0","0","0","0","0","0","0","0","0","0","0","0","0","0","0","0","0","0","0","0","0"
"452","Joe Flacco","CIN","qb","6","17","41.2","0","67.7928","98.3973","658.835","3.9419","2.4577","5.198","1.6932","7.4685","0.0373","0","0","0","0","0","0","0.2583","0","0","0","0","0","0","0","0","0","0","0","0","0","0","0","0","0","0","0","0","0","0","0","0","0","0","0","0","0","0","0","0","0","0","0","0","0","0","0"
"453","Joe Milton III","DAL","qb","14","17","38.6","0","57.4812","82.0928","556.2482","3.2666","2.1738","6.0469","6.9883","47.554","0.0367","0","0","0","0","0","0","0.2352","0","0","0","0","0","0","0","0","0","0","0","0","0","0","0","0","0","0","0","0","0","0","0","0","0","0","0","0","0","0","0","0","0","0","0","0","0","0","0"
"454","Mac Jones","SF","qb","8","17","37.8","0","61.4883","85.8953","579.1182","3.3643","2.1404","5.4565","4.3793","26.0338","0.0344","0","0","0","0","0","0","0.2448","0","0","0","0","0","0","0","0","0","0","0","0","0","0","0","0","0","0","0","0","0","0","0","0","0","0","0","0","0","0","0","0","0","0","0","0","0","0","0"
"455","Jameis Winston","NYG","qb","8","17","36","0","51.831","77.0144","561.6392","3.2275","2.5053","5.7935","4.1247","25.2178","0.0353","0","0","0","0","0","0","0.1947","0","0","0","0","0","0","0","0","0","0","0","0","0","0","0","0","0","0","0","0","0","0","0","0","0","0","0","0","0","0","0","0","0","0","0","0","0","0","0"
"456","Ty Simpson","LA","qb","11","17","35.8","0","55.7215","81.9766","538.6335","2.9813","2.0666","6.8615","5.1948","35.6659","0.0519","0","0","0","0","0","0","0.2514","0","0","0","0","0","0","0","0","0","0","0","0","0","0","0","0","0","0","0","0","0","0","0","0","0","0","0","0","0","0","0","0","0","0","0","0","0","0","0"
"457","Teddy Bridgewater","DET","qb","6","17","32.7","0","54.2684","74.8429","499.1091","2.712","1.8214","5.6404","4.8522","30.5788","0.0355","0","0","0","0","0","0","0.2344","0","0","0","0","0","0","0","0","0","0","0","0","0","0","0","0","0","0","0","0","0","0","0","0","0","0","0","0","0","0","0","0","0","0","0","0","0","0","0"
"458","Anthony Richardson","IND","qb","13","17","32","0","47.0319","73.4683","480.0984","2.4336","2.0256","5.1455","6.348","43.1794","0.0506","0","0","0","0","0","0","0.2205","0","0","0","0","0","0","0","0","0","0","0","0","0","0","0","0","0","0","0","0","0","0","0","0","0","0","0","0","0","0","0","0","0","0","0","0","0","0","0"
"459","Tyrod Taylor","GB","qb","11","17","31.6","0","45.2195","65.8345","428.6698","2.3882","1.5993","6.2387","8.7038","58.6069","0.0352","0","0","0","0","0","0","0.2114","0","0","0","0","0","0","0","0","0","0","0","0","0","0","0","0","0","0","0","0","0","0","0","0","0","0","0","0","0","0","0","0","0","0","0","0","0","0","0"
"460","Marcus Mariota","WAS","qb","7","17","30.8","0","42.4208","60.4012","437.4217","2.6484","1.5801","4.8964","5.5352","37.3844","0.032","0","0","0","0","0","0","0.1679","0","0","0","0","0","0","0","0","0","0","0","0","0","0","0","0","0","0","0","0","0","0","0","0","0","0","0","0","0","0","0","0","0","0","0","0","0","0","0"
"461","Carson Beck","ARZ","qb","14","17","29.9","0","48.6193","72.6445","471.6177","2.3898","1.9254","6.2152","4.2295","29.5659","0.0175","0","0","0","0","0","0","0.1793","0","0","0","0","0","0","0","0","0","0","0","0","0","0","0","0","0","0","0","0","0","0","0","0","0","0","0","0","0","0","0","0","0","0","0","0","0","0","0"
"462","Jake Browning","TB","qb","10","17","29.5","0","48.1178","69.4758","457.6826","2.4571","1.9585","5.4028","4.3952","26.9725","0.0436","0","0","0","0","0","0","0.1864","0","0","0","0","0","0","0","0","0","0","0","0","0","0","0","0","0","0","0","0","0","0","0","0","0","0","0","0","0","0","0","0","0","0","0","0","0","0","0"
"463","J.J. McCarthy","MIN","qb","6","17","27.1","0","39.1451","58.3961","393.4841","2.4122","1.6511","5.3788","4.5938","28.3483","0.0387","0","0","0","0","0","0","0.1516","0","0","0","0","0","0","0","0","0","0","0","0","0","0","0","0","0","0","0","0","0","0","0","0","0","0","0","0","0","0","0","0","0","0","0","0","0","0","0"
"464","Kenny Pickett","CAR","qb","5","17","26.7","0","40.7377","60.1537","401.0164","2.2177","1.2761","4.7779","4.2731","25.6543","0.0373","0","0","0","0","0","0","0.1431","0","0","0","0","0","0","0","0","0","0","0","0","0","0","0","0","0","0","0","0","0","0","0","0","0","0","0","0","0","0","0","0","0","0","0","0","0","0","0"
"465","Tanner McKee","PHI","qb","10","17","25.7","0","40.6609","59.4496","389.4389","2.1983","1.4623","4.2313","3.7324","22.0734","0.0352","0","0","0","0","0","0","0.173","0","0","0","0","0","0","0","0","0","0","0","0","0","0","0","0","0","0","0","0","0","0","0","0","0","0","0","0","0","0","0","0","0","0","0","0","0","0","0"
"466","Davis Mills","HST","qb","8","17","25.4","0","40.128","61.1089","398.0041","2.1245","1.417","4.3553","3.2877","18.6085","0.0352","0","0","0","0","0","0","0.1482","0","0","0","0","0","0","0","0","0","0","0","0","0","0","0","0","0","0","0","0","0","0","0","0","0","0","0","0","0","0","0","0","0","0","0","0","0","0","0"
"467","Jarrett Stidham","DEN","qb","10","17","25","0","38.8503","57.1885","370.3384","1.9513","1.4959","4.6162","5.2479","33.7277","0.0337","0","0","0","0","0","0","0.1543","0","0","0","0","0","0","0","0","0","0","0","0","0","0","0","0","0","0","0","0","0","0","0","0","0","0","0","0","0","0","0","0","0","0","0","0","0","0","0"
"468","Spencer Rattler","NO","qb","8","17","25","0","41.13","60.1362","387.8283","2.0031","1.8042","4.3789","4.3134","27.8858","0.0339","0","0","0","0","0","0","0.1399","0","0","0","0","0","0","0","0","0","0","0","0","0","0","0","0","0","0","0","0","0","0","0","0","0","0","0","0","0","0","0","0","0","0","0","0","0","0","0"
"469","Kyle Allen","BUF","qb","7","17","24.1","0","40.8425","58.5922","379.199","1.9565","1.5637","4.8872","3.6209","21.2228","0.0355","0","0","0","0","0","0","0.1893","0","0","0","0","0","0","0","0","0","0","0","0","0","0","0","0","0","0","0","0","0","0","0","0","0","0","0","0","0","0","0","0","0","0","0","0","0","0","0"
"470","Tyler Huntley","BLT","qb","13","17","24.1","0","35.5637","51.2976","335.4642","1.7683","1.1628","4.6521","6.2863","42.1176","0.0355","0","0","0","0","0","0","0.192","0","0","0","0","0","0","0","0","0","0","0","0","0","0","0","0","0","0","0","0","0","0","0","0","0","0","0","0","0","0","0","0","0","0","0","0","0","0","0"
"471","Quinn Ewers","MIA","qb","6","17","23.1","0","38.1168","55.1674","358.9192","1.8782","1.4805","5.2013","3.6493","22.243","0.0332","0","0","0","0","0","0","0.13","0","0","0","0","0","0","0","0","0","0","0","0","0","0","0","0","0","0","0","0","0","0","0","0","0","0","0","0","0","0","0","0","0","0","0","0","0","0","0"
"472","Drew Lock","SEA","qb","11","17","21.9","0","36.0034","52.471","340.5297","1.7603","1.4132","3.9941","3.6985","21.2906","0.0355","0","0","0","0","0","0","0.1516","0","0","0","0","0","0","0","0","0","0","0","0","0","0","0","0","0","0","0","0","0","0","0","0","0","0","0","0","0","0","0","0","0","0","0","0","0","0","0"
"473","Nick Mullens","JAX","qb","7","17","20.6","0","32.7511","47.0926","334.1304","1.7701","1.394","3.5565","2.2585","11.0726","0.0327","0","0","0","0","0","0","0.1289","0","0","0","0","0","0","0","0","0","0","0","0","0","0","0","0","0","0","0","0","0","0","0","0","0","0","0","0","0","0","0","0","0","0","0","0","0","0","0"
"474","Mitch Trubisky","TEN","qb","9","17","13.5","0","21.592","31.1999","204.4194","1.1284","0.8191","2.0937","2.5049","12.9741","0.0329","0","0","0","0","0","0","0.0647","0","0","0","0","0","0","0","0","0","0","0","0","0","0","0","0","0","0","0","0","0","0","0","0","0","0","0","0","0","0","0","0","0","0","0","0","0","0","0"
"475","Trey Lance","LAC","qb","7","17","12.4","0","19.4835","29.0873","185.671","0.8406","0.7507","2.5211","3.4033","19.7995","0.0342","0","0","0","0","0","0","0.0793","0","0","0","0","0","0","0","0","0","0","0","0","0","0","0","0","0","0","0","0","0","0","0","0","0","0","0","0","0","0","0","0","0","0","0","0","0","0","0"
"476","Tommy DeVito","NE","qb","11","17","10.6","0","15.5091","23.124","149.9771","0.7844","0.4995","2.4864","2.8333","16.7182","0.0337","0","0","0","0","0","0","0.0684","0","0","0","0","0","0","0","0","0","0","0","0","0","0","0","0","0","0","0","0","0","0","0","0","0","0","0","0","0","0","0","0","0","0","0","0","0","0","0"
"477","Gardner Minshew","ARZ","qb","14","17","5.1","0","8.0033","11.7336","76.5828","0.4033","0.2857","0.9036","1.3478","4.8064","0.0302","0","0","0","0","0","0","0.0296","0","0","0","0","0","0","0","0","0","0","0","0","0","0","0","0","0","0","0","0","0","0","0","0","0","0","0","0","0","0","0","0","0","0","0","0","0","0","0"
"478","Tyson Bagent","CHI","qb","10","17","4.8","0","6.9986","10.4335","67.5907","0.336","0.2819","0.7267","1.6605","7.1704","0.0371","0","0","0","0","0","0","0.0281","0","0","0","0","0","0","0","0","0","0","0","0","0","0","0","0","0","0","0","0","0","0","0","0","0","0","0","0","0","0","0","0","0","0","0","0","0","0","0"
"479","Brandon Aubrey","DAL","k","14","17","156.9","0","0","0","0","0","0","0","0","0","0","0","0","0","0","0","0","0","0","0","0","0","7.4846","7.5701","9.2922","9.6635","8.502","9.7304","5.9768","7.558","42.6727","43.9726","0","0","0","0","0","0","0","0","0","0","0","0","0","0","0","0","0","0","0","0","0","0","0","0","0"
"480","Harrison Mevis","LA","k","11","17","155.4","0","0","0","0","0","0","0","0","0","0","0","0","0","0","0","0","0","0","0","0","0","7.5939","7.7222","9.3079","9.8575","8.1792","9.9258","5.5425","7.7097","44.2294","46.2212","0","0","0","0","0","0","0","0","0","0","0","0","0","0","0","0","0","0","0","0","0","0","0","0","0"
"481","Jake Bates","DET","k","6","17","154.8","0","0","0","0","0","0","0","0","0","0","0","0","0","0","0","0","0","0","0","0","0","7.5412","7.6751","9.2247","9.7974","8.0566","9.8653","5.4304","7.6627","45.0818","47.2161","0","0","0","0","0","0","0","0","0","0","0","0","0","0","0","0","0","0","0","0","0","0","0","0","0"
"482","Cam Little","JAX","k","7","17","154.4","0","0","0","0","0","0","0","0","0","0","0","0","0","0","0","0","0","0","0","0","0","7.5142","7.6107","9.2975","9.7153","8.4153","9.7826","5.8564","7.5985","41.0505","42.4566","0","0","0","0","0","0","0","0","0","0","0","0","0","0","0","0","0","0","0","0","0","0","0","0","0"
"483","Evan McPherson","CIN","k","6","17","153.8","0","0","0","0","0","0","0","0","0","0","0","0","0","0","0","0","0","0","0","0","0","7.4902","7.616","9.1827","9.7221","8.0744","9.7894","5.4746","7.6038","44.1549","46.1326","0","0","0","0","0","0","0","0","0","0","0","0","0","0","0","0","0","0","0","0","0","0","0","0","0"
"484","Eddy Pineiro","SF","k","8","17","153","0","0","0","0","0","0","0","0","0","0","0","0","0","0","0","0","0","0","0","0","0","7.5061","7.6242","9.2248","9.7325","8.1732","9.7999","5.5788","7.612","42.2688","44.0428","0","0","0","0","0","0","0","0","0","0","0","0","0","0","0","0","0","0","0","0","0","0","0","0","0"
"485","Cameron Dicker","LAC","k","7","17","152.4","0","0","0","0","0","0","0","0","0","0","0","0","0","0","0","0","0","0","0","0","0","7.5483","7.6352","9.3693","9.7466","8.5665","9.8141","6.0182","7.623","37.2973","38.4424","0","0","0","0","0","0","0","0","0","0","0","0","0","0","0","0","0","0","0","0","0","0","0","0","0"
"486","Tyler Bass","BUF","k","7","17","152.1","0","0","0","0","0","0","0","0","0","0","0","0","0","0","0","0","0","0","0","0","0","7.5384","7.6963","9.1541","9.8245","7.8213","9.8925","5.1746","7.6839","44.8898","47.397","0","0","0","0","0","0","0","0","0","0","0","0","0","0","0","0","0","0","0","0","0","0","0","0","0"
"487","Chris Boswell","PIT","k","9","17","151.9","0","0","0","0","0","0","0","0","0","0","0","0","0","0","0","0","0","0","0","0","0","7.4895","7.5793","9.286","9.6752","8.46","9.7422","5.9234","7.5671","38.14","39.3587","0","0","0","0","0","0","0","0","0","0","0","0","0","0","0","0","0","0","0","0","0","0","0","0","0"
"488","Nick Folk","ATL","k","11","17","151.6","0","0","0","0","0","0","0","0","0","0","0","0","0","0","0","0","0","0","0","0","0","7.4032","7.4877","9.1915","9.5582","8.4108","9.6244","5.9134","7.4756","38.6471","39.8229","0","0","0","0","0","0","0","0","0","0","0","0","0","0","0","0","0","0","0","0","0","0","0","0","0"
"489","Tyler Loop","BLT","k","13","17","151.6","0","0","0","0","0","0","0","0","0","0","0","0","0","0","0","0","0","0","0","0","0","7.5476","7.7016","9.1765","9.8313","7.8691","9.8994","5.2221","7.6892","43.8669","46.2539","0","0","0","0","0","0","0","0","0","0","0","0","0","0","0","0","0","0","0","0","0","0","0","0","0"
"490","Jason Myers","SEA","k","11","17","151","0","0","0","0","0","0","0","0","0","0","0","0","0","0","0","0","0","0","0","0","0","7.5645","7.6919","9.2729","9.8189","8.1515","9.8869","5.5255","7.6795","40.222","42.0278","0","0","0","0","0","0","0","0","0","0","0","0","0","0","0","0","0","0","0","0","0","0","0","0","0"
"491","Harrison Butker","KC","k","5","17","149.9","0","0","0","0","0","0","0","0","0","0","0","0","0","0","0","0","0","0","0","0","0","7.5003","7.6264","9.1947","9.7353","8.0841","9.8027","5.4807","7.6141","40.0661","41.8623","0","0","0","0","0","0","0","0","0","0","0","0","0","0","0","0","0","0","0","0","0","0","0","0","0"
"492","Jake Elliott","PHI","k","10","17","149.1","0","0","0","0","0","0","0","0","0","0","0","0","0","0","0","0","0","0","0","0","0","7.5294","7.6853","9.148","9.8105","7.8285","9.8785","5.1862","7.673","41.8609","44.1728","0","0","0","0","0","0","0","0","0","0","0","0","0","0","0","0","0","0","0","0","0","0","0","0","0"
"493","Trey Smack","GB","k","11","17","148.8","0","0","0","0","0","0","0","0","0","0","0","0","0","0","0","0","0","0","0","0","0","7.4956","7.6478","9.1153","9.7626","7.8218","9.8302","5.1937","7.6355","41.7077","43.9663","0","0","0","0","0","0","0","0","0","0","0","0","0","0","0","0","0","0","0","0","0","0","0","0","0"
"494","Chase McLaughlin","TB","k","10","17","148.2","0","0","0","0","0","0","0","0","0","0","0","0","0","0","0","0","0","0","0","0","0","7.4366","7.5616","9.1169","9.6526","8.0162","9.7194","5.435","7.5494","39.29","41.0504","0","0","0","0","0","0","0","0","0","0","0","0","0","0","0","0","0","0","0","0","0","0","0","0","0"
"495","Cairo Santos","CHI","k","10","17","147.1","0","0","0","0","0","0","0","0","0","0","0","0","0","0","0","0","0","0","0","0","0","7.4829","7.6096","9.1707","9.7139","8.0559","9.7811","5.4574","7.5974","37.6594","39.3602","0","0","0","0","0","0","0","0","0","0","0","0","0","0","0","0","0","0","0","0","0","0","0","0","0"
"496","Ka'imi Fairbairn","HST","k","8","17","146.2","0","0","0","0","0","0","0","0","0","0","0","0","0","0","0","0","0","0","0","0","0","7.5447","7.6713","9.2499","9.7926","8.1346","9.8605","5.5161","7.659","35.7338","37.3326","0","0","0","0","0","0","0","0","0","0","0","0","0","0","0","0","0","0","0","0","0","0","0","0","0"
"497","Andres Borregales","NE","k","11","17","145.6","0","0","0","0","0","0","0","0","0","0","0","0","0","0","0","0","0","0","0","0","0","7.4848","7.6422","9.0875","9.7555","7.7604","9.823","5.1321","7.6299","39.2167","41.415","0","0","0","0","0","0","0","0","0","0","0","0","0","0","0","0","0","0","0","0","0","0","0","0","0"
"498","Will Reichard","MIN","k","6","17","145.2","0","0","0","0","0","0","0","0","0","0","0","0","0","0","0","0","0","0","0","0","0","7.4534","7.5785","9.1382","9.6741","8.0367","9.7411","5.45","7.5663","36.0743","37.6876","0","0","0","0","0","0","0","0","0","0","0","0","0","0","0","0","0","0","0","0","0","0","0","0","0"
"499","Blake Grupe","IND","k","13","17","143.6","0","0","0","0","0","0","0","0","0","0","0","0","0","0","0","0","0","0","0","0","0","7.385","7.5402","8.9663","9.6253","7.657","9.692","5.0638","7.5281","38.6326","40.798","0","0","0","0","0","0","0","0","0","0","0","0","0","0","0","0","0","0","0","0","0","0","0","0","0"
"500","Wil Lutz","DEN","k","10","17","143.4","0","0","0","0","0","0","0","0","0","0","0","0","0","0","0","0","0","0","0","0","0","7.4674","7.6239","9.0677","9.7321","7.7469","9.7995","5.1251","7.6116","37.1906","39.2689","0","0","0","0","0","0","0","0","0","0","0","0","0","0","0","0","0","0","0","0","0","0","0","0","0"
"501","Jake Moody","WAS","k","7","17","141.2","0","0","0","0","0","0","0","0","0","0","0","0","0","0","0","0","0","0","0","0","0","7.3699","7.5267","8.9429","9.608","7.6243","9.6746","5.0352","7.5146","36.6234","38.7006","0","0","0","0","0","0","0","0","0","0","0","0","0","0","0","0","0","0","0","0","0","0","0","0","0"
"502","Dominic Zvada","NYG","k","8","17","140.8","0","0","0","0","0","0","0","0","0","0","0","0","0","0","0","0","0","0","0","0","0","7.2343","7.3812","8.7976","9.4223","7.5492","9.4876","5.0126","7.3693","37.399","39.4242","0","0","0","0","0","0","0","0","0","0","0","0","0","0","0","0","0","0","0","0","0","0","0","0","0"
"503","Ryan Fitzgerald","CAR","k","5","17","137.8","0","0","0","0","0","0","0","0","0","0","0","0","0","0","0","0","0","0","0","0","0","7.3151","7.4663","8.8887","9.5309","7.6092","9.5969","5.0424","7.4543","33.5114","35.3577","0","0","0","0","0","0","0","0","0","0","0","0","0","0","0","0","0","0","0","0","0","0","0","0","0"
"504","Charlie Smyth","NO","k","8","17","137.7","0","0","0","0","0","0","0","0","0","0","0","0","0","0","0","0","0","0","0","0","0","7.3376","7.4906","8.9123","9.5619","7.6198","9.6282","5.0441","7.4785","33.2055","35.0514","0","0","0","0","0","0","0","0","0","0","0","0","0","0","0","0","0","0","0","0","0","0","0","0","0"
"505","Matt Gay","LV","k","13","17","136.2","0","0","0","0","0","0","0","0","0","0","0","0","0","0","0","0","0","0","0","0","0","7.1566","7.3066","8.6903","9.327","7.4245","9.3916","4.9118","7.2948","34.3657","36.286","0","0","0","0","0","0","0","0","0","0","0","0","0","0","0","0","0","0","0","0","0","0","0","0","0"
"506","Andre Szmyt","CLV","k","11","17","136.1","0","0","0","0","0","0","0","0","0","0","0","0","0","0","0","0","0","0","0","0","0","7.1676","7.2902","8.7808","9.3062","7.704","9.3706","5.2134","7.2785","31.4041","32.8368","0","0","0","0","0","0","0","0","0","0","0","0","0","0","0","0","0","0","0","0","0","0","0","0","0"
"507","Joey Slye","TEN","k","9","17","133.5","0","0","0","0","0","0","0","0","0","0","0","0","0","0","0","0","0","0","0","0","0","7.2114","7.3531","8.7828","9.3865","7.5701","9.4515","5.0453","7.3413","29.9975","31.5698","0","0","0","0","0","0","0","0","0","0","0","0","0","0","0","0","0","0","0","0","0","0","0","0","0"
"508","Chad Ryland","ARZ","k","14","17","128.5","0","0","0","0","0","0","0","0","0","0","0","0","0","0","0","0","0","0","0","0","0","6.4934","6.6311","7.8802","8.4648","6.7205","8.5235","4.4396","6.6205","36.3086","38.3629","0","0","0","0","0","0","0","0","0","0","0","0","0","0","0","0","0","0","0","0","0","0","0","0","0"
"509","Cade York","NYJ","k","13","17","128.5","0","0","0","0","0","0","0","0","0","0","0","0","0","0","0","0","0","0","0","0","0","6.7692","6.9128","8.215","8.8244","7.0062","8.8855","4.6284","6.9017","32.406","34.2394","0","0","0","0","0","0","0","0","0","0","0","0","0","0","0","0","0","0","0","0","0","0","0","0","0"
"510","Zane Gonzalez","MIA","k","6","17","126.8","0","0","0","0","0","0","0","0","0","0","0","0","0","0","0","0","0","0","0","0","0","6.424","6.5409","7.8499","8.3497","6.834","8.4075","4.5937","6.5304","33.6381","35.2717","0","0","0","0","0","0","0","0","0","0","0","0","0","0","0","0","0","0","0","0","0","0","0","0","0"
"511","Rams DST","LA","dst","11","17","118.1","0","0","0","0","0","0","0","0","0","0","0","0","0","0","0","0","0","0","0","0","0","0","0","0","0","0","0","0","0","0","0","48.3837","0.3853","12.431","16.2024","8.0401","1.7555","1706.8301","0.6288","0.2495","0.6193","2.5702","4.7764","4.3483","2.9712","1.4651","0","0","0","0","0","0","0","0","0","0"
"512","Texans DST","HST","dst","8","17","118","0","0","0","0","0","0","0","0","0","0","0","0","0","0","0","0","0","0","0","0","0","0","0","0","0","0","0","0","0","0","0","48.9568","0.3848","12.2136","16.2281","8.0442","1.7364","1509.9055","0.5772","0.2518","0.6321","2.5731","4.7613","4.3346","2.9868","1.4603","0","0","0","0","0","0","0","0","0","0"
"513","Packers DST","GB","dst","11","17","117.8","0","0","0","0","0","0","0","0","0","0","0","0","0","0","0","0","0","0","0","0","0","0","0","0","0","0","0","0","0","0","0","48.515","0.3879","12.0308","16.334","8.089","1.7219","1653.3253","0.6127","0.2495","0.6451","2.6121","4.7476","4.3221","3.0009","1.4226","0","0","0","0","0","0","0","0","0","0"
"514","Eagles DST","PHI","dst","10","17","117.2","0","0","0","0","0","0","0","0","0","0","0","0","0","0","0","0","0","0","0","0","0","0","0","0","0","0","0","0","0","0","0","46.8124","0.3867","12.5501","16.0044","7.9298","1.7573","1659.2949","0.6151","0.2507","0.6186","2.6666","4.7706","4.343","2.957","1.3935","0","0","0","0","0","0","0","0","0","0"
"515","Bengals DST","CIN","dst","6","17","115.6","0","0","0","0","0","0","0","0","0","0","0","0","0","0","0","0","0","0","0","0","0","0","0","0","0","0","0","0","0","0","0","46.6398","0.384","12.0068","16.04","7.9251","1.7036","1695.2424","0.62","0.2475","0.6439","2.6596","4.7376","4.313","2.9603","1.4381","0","0","0","0","0","0","0","0","0","0"
"516","Lions DST","DET","dst","6","17","115.3","0","0","0","0","0","0","0","0","0","0","0","0","0","0","0","0","0","0","0","0","0","0","0","0","0","0","0","0","0","0","0","46.0165","0.3847","12.0523","15.9378","7.882","1.7043","1725.2285","0.6314","0.248","0.6268","2.7632","4.7182","4.2953","2.9022","1.4462","0","0","0","0","0","0","0","0","0","0"
"517","Bills DST","BUF","dst","7","17","114.1","0","0","0","0","0","0","0","0","0","0","0","0","0","0","0","0","0","0","0","0","0","0","0","0","0","0","0","0","0","0","0","45.7549","0.3837","11.9881","15.8906","7.8681","1.6964","1733.2233","0.6359","0.2493","0.6446","2.5888","4.743","4.3179","2.9671","1.4893","0","0","0","0","0","0","0","0","0","0"
"518","Steelers DST","PIT","dst","9","17","113.9","0","0","0","0","0","0","0","0","0","0","0","0","0","0","0","0","0","0","0","0","0","0","0","0","0","0","0","0","0","0","0","44.7371","0.3873","12.2534","15.8948","7.854","1.7192","1546.3139","0.5817","0.2473","0.6582","2.6354","4.7343","4.31","2.9936","1.4213","0","0","0","0","0","0","0","0","0","0"
"519","Patriots DST","NE","dst","11","17","112.8","0","0","0","0","0","0","0","0","0","0","0","0","0","0","0","0","0","0","0","0","0","0","0","0","0","0","0","0","0","0","0","43.5244","0.3835","12.0201","15.6691","7.753","1.6884","1600.136","0.6007","0.249","0.6548","2.7776","4.7068","4.285","2.9655","1.3612","0","0","0","0","0","0","0","0","0","0"
"520","Broncos DST","DEN","dst","10","17","112.5","0","0","0","0","0","0","0","0","0","0","0","0","0","0","0","0","0","0","0","0","0","0","0","0","0","0","0","0","0","0","0","43.3125","0.3851","12.2993","15.6291","7.7423","1.7141","1552.2779","0.588","0.2492","0.6444","2.667","4.7418","4.3168","2.9592","1.4215","0","0","0","0","0","0","0","0","0","0"
"521","Seahawks DST","SEA","dst","11","17","112","0","0","0","0","0","0","0","0","0","0","0","0","0","0","0","0","0","0","0","0","0","0","0","0","0","0","0","0","0","0","0","42.1902","0.3873","12.3867","15.5037","7.6813","1.715","1614.7251","0.6051","0.2466","0.6125","2.8075","4.7215","4.2984","2.9324","1.381","0","0","0","0","0","0","0","0","0","0"
"522","49ers DST","SF","dst","8","17","111.4","0","0","0","0","0","0","0","0","0","0","0","0","0","0","0","0","0","0","0","0","0","0","0","0","0","0","0","0","0","0","0","43.1934","0.3855","12.2006","15.6265","7.7354","1.7042","1654.4185","0.6126","0.2476","0.6003","2.6207","4.7304","4.3162","2.9985","1.4862","0","0","0","0","0","0","0","0","0","0"
"523","Chiefs DST","KC","dst","5","17","111.4","0","0","0","0","0","0","0","0","0","0","0","0","0","0","0","0","0","0","0","0","0","0","0","0","0","0","0","0","0","0","0","42.213","0.3856","12.3157","15.5307","7.6873","1.7105","1605.8935","0.5997","0.2496","0.6454","2.6602","4.7493","4.3236","2.9668","1.4051","0","0","0","0","0","0","0","0","0","0"
"524","Cowboys DST","DAL","dst","14","17","111.4","0","0","0","0","0","0","0","0","0","0","0","0","0","0","0","0","0","0","0","0","0","0","0","0","0","0","0","0","0","0","0","44.3763","0.3862","12.1613","15.8689","7.8325","1.7074","1644.2535","0.6048","0.2502","0.6063","2.3583","4.7898","4.3605","3.0838","1.5511","0","0","0","0","0","0","0","0","0","0"
"525","Jaguars DST","JAX","dst","7","17","111.3","0","0","0","0","0","0","0","0","0","0","0","0","0","0","0","0","0","0","0","0","0","0","0","0","0","0","0","0","0","0","0","42.2201","0.3863","12.2128","15.527","7.6698","1.6977","1621.7022","0.6055","0.2533","0.6319","2.6874","4.7608","4.3341","2.9596","1.3729","0","0","0","0","0","0","0","0","0","0"
"526","Browns DST","CLV","dst","11","17","110.8","0","0","0","0","0","0","0","0","0","0","0","0","0","0","0","0","0","0","0","0","0","0","0","0","0","0","0","0","0","0","0","43.6353","0.3865","11.7888","15.8184","7.8","1.6715","1384.5901","0.529","0.2477","0.6297","2.6154","4.7418","4.3168","2.9925","1.4562","0","0","0","0","0","0","0","0","0","0"
"527","Ravens DST","BLT","dst","13","17","110.5","0","0","0","0","0","0","0","0","0","0","0","0","0","0","0","0","0","0","0","0","0","0","0","0","0","0","0","0","0","0","0","40.2885","0.3854","12.8054","15.1598","7.5186","1.7437","1705.3478","0.6271","0.2499","0.657","2.6638","4.7245","4.3011","2.9877","1.416","0","0","0","0","0","0","0","0","0","0"
"528","Giants DST","NYG","dst","8","17","109.2","0","0","0","0","0","0","0","0","0","0","0","0","0","0","0","0","0","0","0","0","0","0","0","0","0","0","0","0","0","0","0","41.9035","0.3887","12.1007","15.6946","7.7414","1.6918","1534.0065","0.5702","0.2469","0.628","2.5296","4.7277","4.304","3.0112","1.5524","0","0","0","0","0","0","0","0","0","0"
"529","Colts DST","IND","dst","13","17","108.6","0","0","0","0","0","0","0","0","0","0","0","0","0","0","0","0","0","0","0","0","0","0","0","0","0","0","0","0","0","0","0","40.553","0.386","12.0691","15.3807","7.5902","1.6755","1572.1142","0.5848","0.2471","0.6394","2.7046","4.6902","4.2796","2.9799","1.4593","0","0","0","0","0","0","0","0","0","0"
"530","Jets DST","NYJ","dst","13","17","108.2","0","0","0","0","0","0","0","0","0","0","0","0","0","0","0","0","0","0","0","0","0","0","0","0","0","0","0","0","0","0","0","43.4681","0.3885","11.1914","16.0359","7.8812","1.6146","1412.6701","0.5346","0.2464","0.5972","2.5561","4.7166","4.2938","2.9898","1.6001","0","0","0","0","0","0","0","0","0","0"
"531","Bears DST","CHI","dst","10","17","106.4","0","0","0","0","0","0","0","0","0","0","0","0","0","0","0","0","0","0","0","0","0","0","0","0","0","0","0","0","0","0","0","39.4139","0.3854","12.2222","15.3011","7.5542","1.6867","1549.1652","0.5841","0.2485","0.6169","2.4837","4.7571","4.3308","3.0343","1.5288","0","0","0","0","0","0","0","0","0","0"
"532","Commanders DST","WAS","dst","7","17","106.3","0","0","0","0","0","0","0","0","0","0","0","0","0","0","0","0","0","0","0","0","0","0","0","0","0","0","0","0","0","0","0","39.6881","0.3898","12.5205","15.3818","7.5939","1.719","1526.0081","0.5729","0.2478","0.6007","2.3506","4.7339","4.3194","3.0918","1.6559","0","0","0","0","0","0","0","0","0","0"
"533","Buccaneers DST","TB","dst","10","17","106.3","0","0","0","0","0","0","0","0","0","0","0","0","0","0","0","0","0","0","0","0","0","0","0","0","0","0","0","0","0","0","0","39.8264","0.3883","11.8791","15.3676","7.5897","1.6581","1578.3463","0.5868","0.2464","0.6268","2.5637","4.6758","4.295","3.0589","1.5334","0","0","0","0","0","0","0","0","0","0"
"534","Titans DST","TEN","dst","9","17","105.8","0","0","0","0","0","0","0","0","0","0","0","0","0","0","0","0","0","0","0","0","0","0","0","0","0","0","0","0","0","0","0","39.3264","0.3875","12.099","15.3779","7.5704","1.6756","1360.3214","0.5249","0.2494","0.6191","2.4589","4.7747","4.3467","3.0534","1.4977","0","0","0","0","0","0","0","0","0","0"
"535","Raiders DST","LV","dst","13","17","105.7","0","0","0","0","0","0","0","0","0","0","0","0","0","0","0","0","0","0","0","0","0","0","0","0","0","0","0","0","0","0","0","38.697","0.3903","11.8408","15.4661","7.6073","1.6499","1458.8159","0.5471","0.2473","0.6582","2.6131","4.7342","4.3099","2.9527","1.4847","0","0","0","0","0","0","0","0","0","0"
"536","Chargers DST","LAC","dst","7","17","105.3","0","0","0","0","0","0","0","0","0","0","0","0","0","0","0","0","0","0","0","0","0","0","0","0","0","0","0","0","0","0","0","37.1586","0.3852","12.4543","14.9624","7.3928","1.6929","1531.9916","0.5815","0.2478","0.6409","2.6499","4.7134","4.291","2.9591","1.498","0","0","0","0","0","0","0","0","0","0"
"537","Vikings DST","MIN","dst","6","17","103.1","0","0","0","0","0","0","0","0","0","0","0","0","0","0","0","0","0","0","0","0","0","0","0","0","0","0","0","0","0","0","0","36.2269","0.388","12.1037","15.0446","7.4087","1.658","1510.9643","0.5734","0.2486","0.6467","2.5346","4.7599","4.3333","3.0006","1.4764","0","0","0","0","0","0","0","0","0","0"
"538","Saints DST","NO","dst","8","17","102.2","0","0","0","0","0","0","0","0","0","0","0","0","0","0","0","0","0","0","0","0","0","0","0","0","0","0","0","0","0","0","0","35.8231","0.3872","12.071","14.9189","7.3473","1.6525","1443.2291","0.5501","0.2477","0.6005","2.626","4.7009","4.3179","3","1.507","0","0","0","0","0","0","0","0","0","0"
"539","Panthers DST","CAR","dst","5","17","100.9","0","0","0","0","0","0","0","0","0","0","0","0","0","0","0","0","0","0","0","0","0","0","0","0","0","0","0","0","0","0","0","34.9908","0.3888","12.1679","14.9143","7.3394","1.6592","1449.0489","0.551","0.2486","0.6173","2.4502","4.7605","4.3338","3.0284","1.5611","0","0","0","0","0","0","0","0","0","0"
"540","Falcons DST","ATL","dst","11","17","100.6","0","0","0","0","0","0","0","0","0","0","0","0","0","0","0","0","0","0","0","0","0","0","0","0","0","0","0","0","0","0","0","34.9012","0.3877","11.7503","14.8871","7.3259","1.6162","1553.0803","0.5813","0.2479","0.6157","2.5629","4.7468","4.3214","3.0317","1.4737","0","0","0","0","0","0","0","0","0","0"
"541","Dolphins DST","MIA","dst","6","17","98.7","0","0","0","0","0","0","0","0","0","0","0","0","0","0","0","0","0","0","0","0","0","0","0","0","0","0","0","0","0","0","0","35.4535","0.3905","11.4985","15.1817","7.4482","1.6007","1421.67","0.5286","0.248","0.6011","2.3503","4.7478","4.3222","3.0386","1.692","0","0","0","0","0","0","0","0","0","0"
"542","Cardinals DST","ARZ","dst","14","17","97.1","0","0","0","0","0","0","0","0","0","0","0","0","0","0","0","0","0","0","0","0","0","0","0","0","0","0","0","0","0","0","0","33.441","0.3909","11.9836","14.9423","7.3326","1.6372","1486.9516","0.5438","0.2466","0.5977","2.3091","4.6788","4.2978","3.1156","1.7544","0","0","0","0","0","0","0","0","0","0"