"player","team","games","position","recTarg","recRec","recRec40s","recYds","recYds100Games","recTds","recTd40s","recDrops","catch","depth","ypt","ypr","rac","rzRecTarg","rzRecRec","rzRecTds","rzRecTargPct","rzRecRecPct","rzRecTdPct","ezRecTarg","ezRecTds","ezRecTargPct","ezRecRecPct","ezRecTdPct","rushCarries","rush40s","rushYds","rushYds100Games","rushTds","rushTd40s","ypc","yac","rushTa","tat","fumbles","rzRushCarries","rzRushTds","rzRushPct","rzRushTdPct","i5RushCarries","i5RushTds","i5RushPct","i5RushTdPct","patConversions","patAttempts","fantasyPts","ptsPerSnap","ptsPerTouch"
"Jahdae Walker","CHI","7","WR","10","6","0","87","0","2","0","1","60","14.2","8.7","14.5","1.5","4","2","2","40","33.3","100","3","2","30","33.3","100","0","0","0","0","0","0","0","0","0","0","0","0","0","0","0","0","0","0","0","0","0","26.7","0.31","4.45"
"Isaac TeSlaa","DET","17","WR","26","16","0","239","0","6","0","0","61.5","14.77","9.19","14.94","3.44","14","8","6","53.8","50","100","11","6","42.3","37.5","100","0","0","0","0","0","0","0","0","0","0","0","0","0","0","0","0","0","0","0","0","0","75.9","0.17","4.74"
"Isaiah Bond","CLV","16","WR","42","18","3","338","0","0","0","1","42.9","16.95","8.05","18.78","4.67","13","2","0","31","11.1","0","4","0","9.5","0","0","5","0","29","0","0","0","5.8","5.4","2","0.4","0","0","0","0","0","0","0","0","0","0","0","54.7","0.11","2.38"
"Ryan Flournoy","DAL","15","WR","53","40","3","475","2","4","1","1","75.5","9.75","8.96","11.88","5.03","13","8","4","24.5","20","100","5","2","9.4","5","50","4","0","25","0","0","0","6.25","1.75","0","0","0","0","0","0","0","0","0","0","0","0","0","114","0.24","2.59"
"Tetairoa McMillan","CAR","17","WR","120","70","3","1014","2","7","1","7","58.3","12.27","8.45","14.49","3.87","34","19","7","28.3","27.1","100","12","5","10","7.1","71.4","0","0","0","0","0","0","0","0","0","0","1","0","0","0","0","0","0","0","0","0","1","213.4","0.23","3.05"
"Luther Burden III","CHI","15","WR","60","47","2","652","2","2","1","5","78.3","7.45","10.87","13.87","7.28","8","6","2","13.3","12.8","100","1","1","1.7","2.1","50","6","0","37","0","0","0","6.17","5","4","0.67","0","0","0","0","0","0","0","0","0","0","0","127.9","0.32","2.41"
"Gage Larvadain","CLV","13","WR","13","7","0","71","0","0","0","2","53.8","9.38","5.46","10.14","4.29","2","1","0","15.4","14.3","0","1","0","7.7","0","0","1","0","3","0","0","0","3","16","2","2","0","0","0","0","0","0","0","0","0","0","1","14.4","0.08","1.8"
"Jackson Meeks","DET","2","WR","0","0","0","0","0","0","0","0","0","0","0","0","0","0","0","0","0","0","0","0","0","0","0","0","0","0","0","0","0","0","0","0","0","0","0","0","0","0","0","0","0","0","0","0","0","0","0",""
"Ja'Corey Brooks","WAS","1","WR","0","0","0","0","0","0","0","0","0","0","0","0","0","0","0","0","0","0","0","0","0","0","0","0","0","0","0","0","0","0","0","0","0","0","0","0","0","0","0","0","0","0","0","0","0","0","0",""
"Dont'e Thornton Jr.","LV","15","WR","30","10","0","135","0","0","0","2","33.3","17.9","4.5","13.5","3.8","5","1","0","16.7","10","0","0","0","0","0","0","0","0","0","0","0","0","0","0","0","0","0","0","0","0","0","0","0","0","0","0","0","23.5","0.06","2.35"
"Devontez Walker","BLT","10","WR","8","6","0","136","0","3","0","0","75","27","17","22.67","3.83","5","3","2","62.5","50","66.7","2","2","25","33.3","66.7","0","0","0","0","0","0","0","0","0","0","0","0","0","0","0","0","0","0","0","0","0","37.6","0.23","6.27"
"Konata Mumpfield","LA","17","WR","21","10","0","92","0","1","0","0","47.6","13.14","4.38","9.2","2.6","8","4","1","38.1","40","100","1","1","4.8","10","100","0","0","0","0","0","0","0","0","0","0","0","0","0","0","0","0","0","0","0","0","0","25.2","0.07","2.52"
"Marvin Harrison Jr.","ARZ","12","WR","72","41","2","608","0","4","0","5","56.9","13.93","8.44","14.83","2.88","21","11","4","29.2","26.8","100","13","4","18.1","9.8","100","0","0","0","0","0","0","0","0","0","0","0","0","0","0","0","0","0","0","0","1","1","125.8","0.22","3.07"
"Emeka Egbuka","TB","17","WR","126","63","3","938","3","6","1","8","50","13.18","7.44","14.89","5.24","30","8","5","23.8","12.7","83.3","11","2","8.7","3.2","33.3","2","0","9","0","0","0","4.5","0.5","0","0","0","0","0","0","0","0","0","0","0","1","2","193.7","0.22","2.98"
"Keon Coleman","BUF","13","WR","60","38","0","404","1","4","0","4","63.3","12.15","6.73","10.63","2.24","14","7","4","23.3","18.4","100","7","3","11.7","7.9","75","0","0","0","0","0","0","0","0","0","0","1","0","0","0","0","0","0","0","0","1","3","102.4","0.18","2.69"
"Tai Felton","MIN","6","WR","3","3","0","25","0","0","0","0","100","3.67","8.33","8.33","4.67","0","0","0","0","0","0","0","0","0","0","0","0","0","0","0","0","0","0","0","0","0","0","0","0","0","0","0","0","0","0","0","0","5.5","0.12","1.83"
"Xavier Worthy","KC","14","WR","72","42","1","532","0","1","0","2","58.3","12.47","7.39","12.67","4.93","16","5","1","22.2","11.9","100","4","0","5.6","0","0","11","0","87","0","0","0","7.91","1.09","1","0.09","0","0","0","0","0","0","0","0","0","0","0","109.9","0.17","2.07"
"Jaxon Smith-Njigba","SEA","17","WR","157","119","8","1793","9","10","3","3","75.8","11.71","11.42","15.07","4.45","33","22","10","21","18.5","100","12","5","7.6","4.2","50","7","0","36","0","0","0","5.14","3.43","2","0.29","3","0","0","0","0","0","0","0","0","0","0","361.9","0.44","2.87"
"Kyle Williams","NE","17","WR","21","10","1","209","0","3","1","1","47.6","18.67","9.95","20.9","7.8","3","2","2","14.3","20","66.7","2","2","9.5","20","66.7","2","0","3","0","0","0","1.5","4.5","0","0","0","0","0","0","0","0","0","0","0","0","0","49.2","0.15","4.1"
"Tory Horton","SEA","8","WR","22","13","0","161","0","5","0","0","59.1","16.55","7.32","12.38","2.15","9","6","5","40.9","46.2","100","6","4","27.3","30.8","80","0","0","0","0","0","0","0","0","0","0","0","0","0","0","0","0","0","0","0","0","0","59.1","0.26","4.55"
"Jalin Hyatt","NYG","7","WR","14","5","0","35","0","0","0","1","35.7","20","2.5","7","0.4","4","0","0","28.6","0","0","1","0","7.1","0","0","0","0","0","0","0","0","0","0","0","0","0","0","0","0","0","0","0","0","0","0","0","8.5","0.05","1.7"
"Malik Heath","ATL","11","WR","7","6","0","86","0","0","0","1","85.7","9.29","12.29","14.33","4.83","0","0","0","0","0","0","0","0","0","0","0","0","0","0","0","0","0","0","0","0","0","0","0","0","0","0","0","0","0","0","0","0","14.6","0.07","2.43"
"Kayshon Boutte","NE","14","WR","46","33","0","551","1","6","0","1","71.7","17.46","11.98","16.7","1.21","13","7","6","28.3","21.2","100","8","5","17.4","15.2","83.3","0","0","0","0","0","0","0","0","0","0","0","0","0","0","0","0","0","0","0","0","0","124.1","0.2","3.76"
"Quentin Johnston","LAC","14","WR","78","51","3","735","1","8","1","4","65.4","12.97","9.42","14.41","4.37","23","16","8","29.5","31.4","100","9","4","11.5","7.8","50","2","0","7","0","0","0","3.5","0.5","0","0","1","0","0","0","0","0","0","0","0","0","0","173.2","0.24","3.27"
"Jordan Addison","MIN","14","WR","74","42","2","610","2","3","0","7","56.8","14.47","8.24","14.52","3.21","25","15","3","33.8","35.7","100","9","2","12.2","4.8","66.7","2","1","81","0","1","1","40.5","6.5","0","0","0","0","0","0","0","0","0","0","0","0","0","135.1","0.19","3.07"
"Marvin Mims Jr.","DEN","15","WR","51","37","0","322","0","1","0","1","72.5","9.65","6.31","8.7","6.14","10","2","1","19.6","5.4","100","2","1","3.9","2.7","100","12","0","78","0","1","0","6.5","2.92","3","0.25","1","2","1","16.7","100","0","0","0","0","0","0","89","0.24","1.82"
"Jalen Brooks","ARZ","6","WR","6","3","0","51","0","0","0","1","50","10.83","8.5","17","6","1","1","0","16.7","33.3","0","0","0","0","0","0","0","0","0","0","0","0","0","0","0","0","0","0","0","0","0","0","0","0","0","0","0","8.1","0.07","2.7"
"Mason Tipton","NO","13","WR","17","11","0","76","0","0","0","0","64.7","8.82","4.47","6.91","3.64","2","1","0","11.8","9.1","0","1","0","5.9","0","0","4","0","18","0","0","0","4.5","4","0","0","1","0","0","0","0","0","0","0","0","0","0","20.4","0.07","1.36"
"Wan'Dale Robinson","NYG","16","WR","131","92","2","1014","3","4","0","3","70.2","9.05","7.74","11.02","4.26","22","9","3","16.8","9.8","75","8","3","6.1","3.3","75","3","0","5","0","0","0","1.67","2","0","0","1","0","0","0","0","0","0","0","0","0","1","217.9","0.22","2.29"
"Casey Washington","ATL","7","WR","13","6","0","94","0","0","0","1","46.2","18.23","7.23","15.67","2","2","0","0","15.4","0","0","0","0","0","0","0","0","0","0","0","0","0","0","0","0","0","0","0","0","0","0","0","0","0","0","0","0","15.4","0.09","2.57"
"Jameson Williams","DET","17","WR","97","65","5","1117","4","7","2","9","67","12.71","11.52","17.18","6.88","27","12","5","27.8","18.5","71.4","3","1","3.1","1.5","14.3","6","0","12","0","0","0","2","4.17","4","0.67","0","1","0","16.7","0","0","0","0","0","0","0","219.9","0.22","3.1"
"Xavier Weaver","ARZ","9","WR","12","7","0","67","0","0","0","1","58.3","16","5.58","9.57","3","5","2","0","41.7","28.6","0","1","0","8.3","0","0","0","0","0","0","0","0","0","0","0","0","0","0","0","0","0","0","0","0","0","0","0","13.7","0.05","1.96"
"Devaughn Vele","NO","13","WR","36","25","0","293","0","2","0","0","69.4","12.56","8.14","11.72","1.28","8","6","2","22.2","24","100","4","2","11.1","8","100","0","0","0","0","0","0","0","0","0","0","0","0","0","0","0","0","0","0","0","0","1","66.3","0.15","2.65"
"George Pickens","DAL","17","WR","131","93","4","1429","5","9","1","5","71","11.99","10.91","15.37","5.14","42","23","7","32.1","24.7","77.8","17","6","13","6.5","66.7","0","0","0","0","0","0","0","0","0","0","4","0","0","0","0","0","0","0","0","1","1","289.9","0.3","3.12"
"Treylon Burks","WAS","8","WR","22","10","0","130","0","1","0","0","45.5","14.23","5.91","13","3.6","7","2","1","31.8","20","100","4","1","18.2","10","100","0","0","0","0","0","0","0","0","0","0","0","0","0","0","0","0","0","0","0","0","0","29","0.1","2.9"
"Xavier Legette","CAR","15","WR","59","35","0","363","0","3","0","1","59.3","11.02","6.15","10.37","2.11","14","7","3","23.7","20","100","8","3","13.6","8.6","100","1","0","0","0","0","0","0","2","0","0","1","0","0","0","0","0","0","0","0","0","0","89.3","0.14","2.48"
"Jonathan Mingo","DAL","6","WR","4","1","0","25","0","0","0","1","25","14.25","6.25","25","4","0","0","0","0","0","0","0","0","0","0","0","0","0","0","0","0","0","0","0","0","0","0","0","0","0","0","0","0","0","0","0","0","3.5","0.04","3.5"
"Garrett Wilson","NYJ","7","WR","54","36","0","395","0","4","0","3","66.7","9.81","7.31","10.97","2.72","9","6","4","16.7","16.7","100","1","1","1.9","2.8","25","0","0","0","0","0","0","0","0","0","0","1","0","0","0","0","0","0","0","0","0","1","99.5","0.26","2.76"
"Gunner Olszewski","NYG","10","WR","13","10","0","145","1","1","0","0","76.9","11.15","11.15","14.5","7.4","4","1","1","30.8","10","100","3","1","23.1","10","100","0","0","0","0","0","0","0","0","0","0","0","0","0","0","0","0","0","0","0","0","0","30.5","0.26","3.05"
"Cedric Tillman","CLV","13","WR","39","21","1","270","0","2","0","1","53.8","11.92","6.92","12.86","2.9","9","5","2","23.1","23.8","100","4","2","10.3","9.5","100","0","0","0","0","0","0","0","0","0","0","0","0","0","0","0","0","0","0","0","0","0","60","0.12","2.86"
"Romeo Doubs","GB","16","WR","83","55","2","724","0","6","0","3","66.3","13.19","8.72","13.16","3","26","17","6","31.3","30.9","100","10","5","12","9.1","83.3","0","0","0","0","0","0","0","0","0","0","1","0","0","0","0","0","0","0","0","1","1","163.4","0.21","2.97"
"Elijah Moore","BUF","9","WR","17","9","0","112","0","0","0","1","52.9","8.41","6.59","12.44","6.33","2","1","0","11.8","11.1","0","0","0","0","0","0","6","0","24","0","1","0","4","2.17","2","0.33","0","1","1","16.7","100","1","1","16.7","100","0","0","28.6","0.15","1.91"
"Ja'Marr Chase","CIN","16","WR","182","125","2","1412","7","8","1","6","68.7","8.87","7.76","11.3","5.18","35","17","7","19.2","13.6","87.5","9","4","4.9","3.2","50","3","0","14","0","0","0","4.67","1.33","0","0","1","0","0","0","0","0","0","0","0","0","0","315.6","0.32","2.47"
"Jaylen Waddle","MIA","16","WR","99","64","3","910","1","6","2","3","64.6","13.19","9.19","14.22","3.61","22","13","5","22.2","20.3","83.3","8","4","8.1","6.3","66.7","2","0","28","0","0","0","14","1.5","0","0","1","0","0","0","0","0","0","0","0","0","0","193.8","0.27","2.94"
"Derius Davis","LAC","10","WR","3","2","0","10","0","0","0","0","66.7","10.67","3.33","5","4","1","0","0","33.3","0","0","0","0","0","0","0","2","0","5","0","0","0","2.5","3.5","2","1","0","0","0","0","0","0","0","0","0","0","0","3.5","0.04","0.88"
"Dylan Drummond","ATL","8","WR","11","7","0","42","0","0","0","1","63.6","7.82","3.82","6","2.43","6","3","0","54.5","42.9","0","1","0","9.1","0","0","0","0","0","0","0","0","0","0","0","0","0","0","0","0","0","0","0","0","0","0","0","11.2","0.09","1.6"
"Tyquan Thornton","KC","14","WR","36","19","2","438","0","3","1","0","52.8","27.78","12.17","23.05","3.26","16","7","3","44.4","36.8","100","6","3","16.7","15.8","100","0","0","0","0","0","0","0","0","0","0","0","0","0","0","0","0","0","0","0","0","0","80.8","0.22","4.25"
"Jake Bobo","SEA","11","WR","2","2","0","20","0","0","0","0","100","8","10","10","2","0","0","0","0","0","0","0","0","0","0","0","0","0","0","0","0","0","0","0","0","0","0","0","0","0","0","0","0","0","0","0","0","4","0.03","2"
"Dyami Brown","JAX","14","WR","37","20","0","227","0","1","0","4","54.1","14.38","6.14","11.35","1.8","14","6","1","37.8","30","100","4","1","10.8","5","100","6","0","30","0","0","0","5","2","0","0","1","1","0","16.7","0","0","0","0","0","0","0","51.7","0.15","1.99"
"Tutu Atwell","LA","10","WR","15","6","1","192","0","1","1","0","40","20.4","12.8","32","10.83","3","1","0","20","16.7","0","1","0","6.7","0","0","0","0","0","0","0","0","0","0","0","0","0","0","0","0","0","0","0","0","0","0","0","31.2","0.17","5.2"
"Joshua Palmer","BUF","12","WR","37","22","1","303","0","0","0","1","59.5","11.14","8.19","13.77","2.45","8","3","0","21.6","13.6","0","2","0","5.4","0","0","0","0","0","0","0","0","0","0","0","0","0","0","0","0","0","0","0","0","0","0","0","52.3","0.13","2.38"
"Tay Martin","WAS","3","WR","2","2","0","23","0","0","0","0","100","9","11.5","11.5","2.5","0","0","0","0","0","0","0","0","0","0","0","0","0","0","0","0","0","0","0","0","0","0","0","0","0","0","0","0","0","0","0","0","4.3","0.14","2.15"
"Nico Collins","HST","15","WR","117","71","5","1117","3","6","2","1","60.7","13.27","9.55","15.73","4.58","30","14","5","25.6","19.7","83.3","12","4","10.3","5.6","66.7","2","0","15","0","1","0","7.5","4","0","0","1","1","1","50","100","0","0","0","0","1","1","226.2","0.29","3.1"
"Brandon Smith","NYJ","1","WR","0","0","0","0","0","0","0","0","0","0","0","0","0","0","0","0","0","0","0","0","0","0","0","0","0","0","0","0","0","0","0","0","0","0","0","0","0","0","0","0","0","0","0","0","0","0","0",""
"Tyrell Shavers","BUF","17","WR","22","15","1","245","0","1","1","0","68.2","13.86","11.14","16.33","4.33","6","3","1","27.3","20","100","1","1","4.5","6.7","100","0","0","0","0","0","0","0","0","0","0","0","0","0","0","0","0","0","0","0","0","0","45.5","0.1","3.03"
"Jerry Jeudy","CLV","17","WR","105","50","1","602","0","2","1","9","47.6","12.26","5.73","12.04","3.36","22","7","1","21","14","50","7","1","6.7","2","50","1","0","5","0","0","0","5","2","0","0","1","0","0","0","0","0","0","0","0","0","0","122.7","0.13","2.41"
"Gabe Davis","BUF","6","WR","18","12","0","129","0","1","0","1","66.7","9.61","7.17","10.75","2.5","10","5","1","55.6","41.7","100","2","1","11.1","8.3","100","0","0","0","0","0","0","0","0","0","0","0","0","0","0","0","0","0","0","0","0","0","30.9","0.13","2.57"
"Charlie Jones","CIN","5","WR","1","0","0","0","0","0","0","0","0","42","0","0","0","1","0","0","100","0","0","1","0","100","0","0","0","0","0","0","0","0","0","0","0","0","0","0","0","0","0","0","0","0","0","0","0","0","0",""
"Austin Trammell","JAX","6","WR","9","3","0","46","0","0","0","1","33.3","15.56","5.11","15.33","0","3","1","0","33.3","33.3","0","1","0","11.1","0","0","0","0","0","0","0","0","0","0","0","0","0","0","0","0","0","0","0","0","0","0","0","7.6","0.08","2.53"
"Darnell Mooney","ATL","15","WR","70","32","1","443","0","1","1","6","45.7","14.4","6.33","13.84","2.28","16","7","1","22.9","21.9","100","5","0","7.1","0","0","0","0","0","0","0","0","0","0","0","0","2","0","0","0","0","0","0","0","0","0","0","82.3","0.11","2.57"
"Terry McLaurin","WAS","10","WR","59","38","3","582","0","3","1","1","64.4","14.14","9.86","15.32","2.61","14","7","3","23.7","18.4","100","5","2","8.5","5.3","66.7","0","0","0","0","0","0","0","0","0","0","0","0","0","0","0","0","0","0","0","0","0","114.2","0.26","3.01"
"Courtland Sutton","DEN","17","WR","120","74","2","1017","2","7","1","5","61.7","13.29","8.47","13.74","2.85","33","15","7","27.5","20.3","100","13","5","10.8","6.8","71.4","0","0","0","0","0","0","0","0","0","0","0","0","0","0","0","0","0","0","0","1","1","217.7","0.22","2.94"
"Dante Pettis","NO","7","WR","11","9","0","127","0","0","0","0","81.8","8.91","11.55","14.11","9.56","1","0","0","9.1","0","0","0","0","0","0","0","0","0","0","0","0","0","0","0","0","0","1","0","0","0","0","0","0","0","0","0","0","21.7","0.19","2.41"
"Malik Turner","SF","3","WR","0","0","0","0","0","0","0","0","0","0","0","0","0","0","0","0","0","0","0","0","0","0","0","0","0","0","0","0","0","0","0","0","0","0","0","0","0","0","0","0","0","0","0","0","0","0","0",""
"James Proche II","TEN","9","WR","10","6","0","65","0","0","0","0","60","16.1","6.5","10.83","0.5","1","0","0","10","0","0","0","0","0","0","0","0","0","0","0","0","0","0","0","0","0","0","0","0","0","0","0","0","0","0","0","0","12.5","0.07","2.08"
"Jauan Jennings","SF","15","WR","88","55","1","643","0","9","1","3","62.5","10.64","7.31","11.69","3.27","29","16","8","33","29.1","88.9","9","5","10.2","9.1","55.6","0","0","0","0","0","0","0","0","0","0","1","0","0","0","0","0","0","0","0","1","3","173.3","0.22","3.15"
"Alex Bachman","LV","11","WR","3","2","0","12","0","0","0","0","66.7","4.67","4","6","1","0","0","0","0","0","0","0","0","0","0","0","0","0","0","0","0","0","0","0","0","0","0","0","0","0","0","0","0","0","0","0","0","3.2","0.07","1.6"
"Andre Baccellia","ARZ","4","WR","4","2","0","8","0","0","0","1","50","1.5","2","4","3.5","2","1","0","50","50","0","0","0","0","0","0","0","0","0","0","0","0","0","0","0","0","0","0","0","0","0","0","0","0","0","0","0","2.8","0.03","1.4"
"D.K. Metcalf","PIT","15","WR","99","59","3","850","2","6","1","4","59.6","11.25","8.59","14.41","7.12","25","12","5","25.3","20.3","83.3","11","4","11.1","6.8","66.7","2","0","12","0","1","0","6","1","0","0","0","1","1","50","100","0","0","0","0","0","0","187.2","0.24","3.07"
"Van Jefferson","TEN","16","WR","51","29","1","350","0","1","0","0","56.9","12.65","6.86","12.07","2.86","8","4","1","15.7","13.8","100","2","0","3.9","0","0","0","0","0","0","0","0","0","0","0","0","0","0","0","0","0","0","0","0","0","0","0","70","0.12","2.41"
"Olamide Zaccheaus","CHI","16","WR","63","39","0","313","0","2","0","6","61.9","7.37","4.97","8.03","3.69","16","7","2","25.4","17.9","100","4","1","6.3","2.6","50","4","0","25","0","0","0","6.25","2.5","1","0.25","0","0","0","0","0","0","0","0","0","0","1","84.8","0.15","1.97"
"David Sills V","ATL","17","WR","35","18","0","191","0","2","0","3","51.4","11.14","5.46","10.61","3.28","10","5","2","28.6","27.8","100","2","1","5.7","5.6","50","0","0","0","0","0","0","0","0","0","0","0","0","0","0","0","0","0","0","0","0","0","49.1","0.09","2.73"
"D'Wayne Eskridge","MIA","13","WR","6","4","1","62","0","0","0","0","66.7","13","10.33","15.5","2","0","0","0","0","0","0","0","0","0","0","0","0","0","0","0","0","0","0","0","0","0","0","0","0","0","0","0","0","0","0","0","0","10.2","0.12","2.55"
"Michael Pittman Jr.","IND","17","WR","110","80","0","784","1","7","0","4","72.7","8.44","7.13","9.8","3.4","23","15","7","20.9","18.8","100","6","3","5.5","3.8","42.9","0","0","0","0","0","0","0","0","0","0","0","0","0","0","0","0","0","0","0","1","3","200.4","0.22","2.5"
"Ben Skowronek","PIT","16","WR","6","4","0","69","0","1","0","0","66.7","11.17","11.5","17.25","6.25","2","1","1","33.3","25","100","1","0","16.7","0","0","0","0","0","0","0","0","0","0","0","0","0","0","0","0","0","0","0","0","0","0","0","16.9","0.11","4.22"
"KhaDarel Hodge","ATL","10","WR","10","3","0","31","0","0","0","1","30","15","3.1","10.33","3","1","0","0","10","0","0","1","0","10","0","0","0","0","0","0","0","0","0","0","0","0","0","0","0","0","0","0","0","0","0","0","0","6.1","0.08","2.03"
"Tim Patrick","JAX","16","WR","24","15","0","187","0","3","0","3","62.5","11.92","7.79","12.47","3.53","14","9","3","58.3","60","100","5","2","20.8","13.3","66.7","0","0","0","0","0","0","0","0","0","0","0","0","0","0","0","0","0","0","0","0","0","51.7","0.15","3.45"
"Jamal Agnew","ATL","1","WR","0","0","0","0","0","0","0","0","0","0","0","0","0","0","0","0","0","0","0","0","0","0","0","0","0","0","0","0","0","0","0","0","0","0","0","0","0","0","0","0","0","0","0","0","0","0","0",""
"Josh Reynolds","NYJ","5","WR","21","11","0","101","0","0","0","1","52.4","13.57","4.81","9.18","1.27","4","0","0","19","0","0","1","0","4.8","0","0","0","0","0","0","0","0","0","0","0","0","0","0","0","0","0","0","0","0","0","1","1","21.1","0.08","1.92"
"Chris Godwin","TB","9","WR","49","33","1","360","1","2","0","2","67.3","7.76","7.35","10.91","6.24","11","6","2","22.4","18.2","100","4","2","8.2","6.1","100","0","0","0","0","0","0","0","0","0","0","0","0","0","0","0","0","0","0","0","1","1","81","0.19","2.45"
"JuJu Smith-Schuster","KC","17","WR","42","33","0","345","0","1","0","1","78.6","5.21","8.21","10.45","5.88","9","5","1","21.4","15.2","100","3","1","7.1","3","100","0","0","0","0","0","0","0","0","0","0","0","0","0","0","0","0","0","0","0","0","0","73.5","0.12","2.23"
"Zay Jones","ARZ","8","WR","16","12","1","183","0","0","0","0","75","13.94","11.44","15.25","2.75","3","1","0","18.8","8.3","0","1","0","6.3","0","0","0","0","0","0","0","0","0","0","0","0","0","0","0","0","0","0","0","0","0","0","0","30.3","0.11","2.52"
"Chris Moore","WAS","14","WR","21","11","1","207","0","1","0","3","52.4","15.43","9.86","18.82","5","4","1","1","19","9.1","100","2","1","9.5","9.1","100","1","0","9","0","0","0","9","2","0","0","0","0","0","0","0","0","0","0","0","0","0","38.6","0.09","3.22"
"Davante Adams","LA","14","WR","111","60","1","789","1","14","1","8","54.1","13.56","7.11","13.15","1.98","44","19","14","39.6","31.7","100","27","14","24.3","23.3","100","0","0","0","0","0","0","0","0","0","0","0","0","0","0","0","0","0","0","0","0","0","222.9","0.35","3.72"
"Mike Evans","TB","8","WR","59","30","1","368","1","3","0","4","50.8","14.37","6.24","12.27","1.1","15","6","3","25.4","20","100","7","3","11.9","10","100","0","0","0","0","0","0","0","0","0","0","0","0","0","0","0","0","0","0","0","0","0","84.8","0.24","2.83"
"DeAndre Hopkins","BLT","17","WR","38","22","1","330","0","2","0","1","57.9","14.53","8.68","15","3.05","10","5","2","26.3","22.7","100","4","1","10.5","4.5","50","0","0","0","0","0","0","0","0","0","0","0","0","0","0","0","0","0","0","0","0","0","67","0.2","3.05"
"Jaylin Noel","HST","17","WR","33","26","2","292","0","2","1","1","78.8","9.06","8.85","11.23","3.85","6","4","2","18.2","15.4","100","1","0","3","0","0","6","0","12","0","0","0","2","1","0","0","0","2","0","33.3","0","0","0","0","0","0","0","68.4","0.23","2.14"
"Tre Harris","LAC","17","WR","43","30","0","324","0","1","0","1","69.8","9.49","7.53","10.8","4.73","7","3","1","16.3","10","100","2","1","4.7","3.3","100","2","0","10","0","0","0","5","5.5","0","0","0","1","0","50","0","0","0","0","0","0","0","69.4","0.13","2.17"
"Xavier Restrepo","TEN","2","WR","6","3","0","41","0","0","0","0","50","13.33","6.83","13.67","2.67","3","1","0","50","33.3","0","1","0","16.7","0","0","0","0","0","0","0","0","0","0","0","0","0","0","0","0","0","0","0","0","0","0","0","7.1","0.24","2.37"
"Mason Kinsey","TEN","10","WR","4","2","0","48","0","0","0","0","50","22.5","12","24","1.5","2","1","0","50","50","0","0","0","0","0","0","0","0","0","0","0","0","0","0","0","0","0","0","0","0","0","0","0","0","0","0","0","6.8","0.1","3.4"
"Xavier Gipson","NYG","3","WR","2","2","0","6","0","0","0","0","100","-4","3","3","7","0","0","0","0","0","0","0","0","0","0","0","0","0","0","0","0","0","0","0","0","0","0","0","0","0","0","0","0","0","0","0","0","2.6","0.29","1.3"
"Xavier Smith","LA","14","WR","22","18","2","303","0","0","0","0","81.8","16.23","13.77","16.83","6","7","5","0","31.8","27.8","0","0","0","0","0","0","0","0","0","0","0","0","0","0","0","0","0","0","0","0","0","0","0","0","0","0","0","48.3","0.21","2.68"
"Dalevon Campbell","LAC","1","WR","0","0","0","0","0","0","0","0","0","0","0","0","0","0","0","0","0","0","0","0","0","0","0","0","0","0","0","0","0","0","0","0","0","0","0","0","0","0","0","0","0","0","0","0","0","0","0",""
"Luke McCaffrey","WAS","8","WR","15","11","2","203","0","3","1","0","73.3","15","13.53","18.45","6.64","4","3","2","26.7","27.3","66.7","2","1","13.3","9.1","33.3","0","0","0","0","0","0","0","0","0","0","0","0","0","0","0","0","0","0","0","1","1","49.3","0.28","4.48"
"Jordan Whittington","LA","16","WR","23","18","1","171","0","0","0","0","78.3","6.83","7.43","9.5","5.22","1","1","0","4.3","5.6","0","0","0","0","0","0","3","0","12","0","0","0","4","1.67","0","0","0","1","0","33.3","0","0","0","0","0","0","0","36.3","0.08","1.73"
"Jamari Thrash","CLV","9","WR","13","10","0","107","0","0","0","0","76.9","8.15","8.23","10.7","4.1","1","1","0","7.7","10","0","0","0","0","0","0","0","0","0","0","0","0","0","0","0","0","0","0","0","0","0","0","0","0","0","0","0","20.7","0.1","2.07"
"Michael Bandy","DEN","4","WR","4","4","0","50","0","1","0","0","100","5.75","12.5","12.5","6.75","1","1","1","25","25","100","0","0","0","0","0","0","0","0","0","0","0","0","0","0","0","0","0","0","0","0","0","0","0","0","0","0","15","0.94","3.75"
"Chris Olave","NO","16","WR","151","100","4","1163","3","9","1","4","66.2","12.28","7.7","11.63","2.92","36","16","9","23.8","16","100","14","5","9.3","5","55.6","1","0","-3","0","0","0","-3","0","0","0","0","0","0","0","0","0","0","0","0","0","0","270","0.3","2.67"
"Jalen Nailor","MIN","17","WR","49","29","1","444","1","4","0","1","59.2","13.1","9.06","15.31","3.93","15","9","4","30.6","31","100","7","3","14.3","10.3","75","2","0","13","0","0","0","6.5","6.5","1","0.5","0","0","0","0","0","0","0","0","0","1","1","98.7","0.15","3.18"
"Khalil Shakir","BUF","16","WR","91","72","3","719","1","4","2","4","79.1","3.88","7.9","9.99","7.64","16","11","2","17.6","15.3","50","1","1","1.1","1.4","25","1","0","5","0","0","0","5","1","0","0","1","0","0","0","0","0","0","0","0","0","2","168.4","0.27","2.31"
"Shedrick Jackson","LV","5","WR","5","4","0","56","0","1","0","0","80","16.6","11.2","14","1.25","2","1","1","40","25","100","1","1","20","25","100","1","0","3","0","0","0","3","2","0","0","0","0","0","0","0","0","0","0","0","0","0","15.9","0.69","3.18"
"Chris Blair","ATL","2","WR","0","0","0","0","0","0","0","0","0","0","0","0","0","0","0","0","0","0","0","0","0","0","0","0","0","0","0","0","0","0","0","0","0","0","0","0","0","0","0","0","0","0","0","0","0","0","0",""
"Jayden Reed","GB","7","WR","22","19","0","207","0","1","0","1","86.4","8.32","9.41","10.89","4.47","5","4","1","22.7","21.1","100","1","1","4.5","5.3","100","3","0","28","0","0","0","9.33","4.33","0","0","0","0","0","0","0","0","0","0","0","0","0","48.5","0.29","2.2"
"Justin Watson","HST","3","WR","4","3","0","30","0","0","0","0","75","10.25","7.5","10","4.33","2","1","0","50","33.3","0","1","0","25","0","0","0","0","0","0","0","0","0","0","0","0","0","0","0","0","0","0","0","0","0","0","0","6","0.09","2"
"Malachi Corley","CLV","13","WR","13","11","0","79","0","0","0","0","84.6","0.38","6.08","7.18","6.45","1","1","0","7.7","9.1","0","0","0","0","0","0","13","0","127","0","0","0","9.77","8.15","8","0.62","0","2","0","15.4","0","1","0","7.7","0","0","0","31.6","0.16","1.32"
"Nick Westbrook-Ikhine","MIA","15","WR","18","11","0","89","0","0","0","3","61.1","5.72","4.94","8.09","2.64","3","1","0","16.7","9.1","0","0","0","0","0","0","0","0","0","0","0","0","0","0","0","0","0","0","0","0","0","0","0","0","0","0","0","19.9","0.05","1.81"
"Christian Kirk","HST","13","WR","50","28","1","239","0","1","0","3","56","7.54","4.78","8.54","4.11","11","4","1","22","14.3","100","3","1","6","3.6","100","0","0","0","0","0","0","0","0","0","0","0","0","0","0","0","0","0","0","0","0","1","57.9","0.13","2.07"
"Greg Dortch","ARZ","12","WR","33","29","0","206","0","3","0","2","87.9","1.73","6.24","7.1","6.86","7","7","2","21.2","24.1","66.7","1","1","3","3.4","33.3","7","0","15","0","1","0","2.14","2","2","0.29","0","3","1","42.9","100","1","1","14.3","100","0","0","75.1","0.26","2.09"
"Samori Toure","NO","1","WR","3","1","0","3","0","0","0","0","33.3","12.33","1","3","0","1","0","0","33.3","0","0","0","0","0","0","0","0","0","0","0","0","0","0","0","0","0","0","0","0","0","0","0","0","0","0","0","0","1.3","0.13","1.3"
"David Moore","CAR","4","WR","1","1","0","5","0","0","0","0","100","5","5","5","0","0","0","0","0","0","0","0","0","0","0","0","1","0","12","0","0","0","12","6","0","0","0","0","0","0","0","0","0","0","0","0","0","2.7","0.03","1.35"
"Cooper Kupp","SEA","16","WR","67","47","1","593","0","2","0","3","70.1","8.46","8.85","12.62","6.17","17","10","2","25.4","21.3","100","5","1","7.5","2.1","50","0","0","0","0","0","0","0","0","0","0","1","0","0","0","0","0","0","0","0","1","1","118.3","0.15","2.52"
"Sterling Shepard","TB","13","WR","54","39","0","371","0","1","0","1","72.2","9.13","6.87","9.51","3.82","13","7","1","24.1","17.9","100","4","1","7.4","2.6","100","4","0","19","0","0","0","4.75","2.25","0","0","1","0","0","0","0","0","0","0","0","0","1","84","0.17","1.95"
"Jalen Royals","KC","7","WR","3","2","0","4","0","0","0","0","66.7","7","1.33","2","2","1","0","0","33.3","0","0","0","0","0","0","0","0","0","0","0","0","0","0","0","0","0","0","0","0","0","0","0","0","0","0","0","0","2.4","0.03","1.2"
"Travis Hunter","JAX","7","WR","43","28","1","298","1","1","0","2","65.1","8.14","6.93","10.64","5.04","8","3","1","18.6","10.7","100","3","0","7","0","0","1","0","0","0","0","0","0","0","0","0","1","1","0","100","0","0","0","0","0","0","0","63.8","0.2","2.2"
"Jack Bech","LV","15","WR","28","20","0","224","0","0","0","1","71.4","9.43","8","11.2","3.4","4","3","0","14.3","15","0","1","0","3.6","0","0","0","0","0","0","0","0","0","0","0","0","0","0","0","0","0","0","0","0","0","0","0","42.4","0.12","2.12"
"Pat Bryant","DEN","15","WR","47","31","2","378","0","1","0","3","66","9.96","8.04","12.19","4.9","11","7","1","23.4","22.6","100","3","1","6.4","3.2","100","0","0","0","0","0","0","0","0","0","0","0","0","0","0","0","0","0","0","0","0","0","74.8","0.16","2.41"
"JP Richardson","CHI","0","WR","0","0","0","0","0","0","0","0","0","0","0","0","0","0","0","0","0","0","0","0","0","0","0","0","0","0","0","0","0","0","0","0","0","0","0","0","0","0","0","0","0","0","0","0","0","0","",""
"Jimmy Horn Jr.","CAR","13","WR","13","11","0","108","0","0","0","1","84.6","6.85","8.31","9.82","6.09","2","1","0","15.4","9.1","0","0","0","0","0","0","8","0","69","0","0","0","8.63","3.5","2","0.25","0","0","0","0","0","0","0","0","0","0","0","28.7","0.19","1.51"
"Jalen Coker","CAR","11","WR","43","33","0","394","0","3","0","0","76.7","9.63","9.16","11.94","2.85","7","4","3","16.3","12.1","100","3","1","7","3","33.3","0","0","0","0","0","0","0","0","0","0","1","0","0","0","0","0","0","0","0","1","2","90.4","0.21","2.74"
"Chimere Dike","TEN","17","WR","73","48","0","423","0","4","0","2","65.8","7.99","5.79","8.81","4.71","22","12","4","30.1","25","100","4","2","5.5","4.2","50","11","0","18","0","0","0","1.64","3.09","3","0.27","0","2","0","18.2","0","2","0","18.2","0","0","0","116.1","0.18","1.97"
"Ladd McConkey","LAC","16","WR","102","66","2","789","2","6","0","3","64.7","10.45","7.74","11.95","4.74","26","12","6","25.5","18.2","100","11","5","10.8","7.6","83.3","0","0","0","0","0","0","0","0","0","0","0","0","0","0","0","0","0","0","0","0","0","180.9","0.22","2.74"
"LaJohntay Wester","BLT","14","WR","0","0","0","0","0","0","0","0","0","0","0","0","0","0","0","0","0","0","0","0","0","0","0","0","0","0","0","0","0","0","0","0","0","0","0","0","0","0","0","0","0","0","0","0","0","0","0",""
"Savion Williams","GB","12","WR","10","10","0","78","0","1","0","0","100","1.2","7.8","7.8","6.6","3","3","1","30","30","100","0","0","0","0","0","11","0","37","0","0","0","3.36","1.55","3","0.27","1","1","0","9.1","0","0","0","0","0","0","0","27.5","0.3","1.31"
"Josh Downs","IND","16","WR","84","58","0","566","0","4","0","3","69","8.39","6.74","9.76","2.48","19","13","4","22.6","22.4","100","3","2","3.6","3.4","50","2","0","-2","0","0","0","-1","1","0","0","0","0","0","0","0","0","0","0","0","0","0","138.4","0.23","2.31"
"Andrei Iosivas","CIN","17","WR","56","33","0","435","0","2","0","5","58.9","9.89","7.77","13.18","3.12","14","5","2","25","15.2","100","4","1","7.1","3","50","3","0","14","0","0","0","4.67","2","0","0","0","0","0","0","0","0","0","0","0","0","0","89.9","0.11","2.5"
"Coleman Owen","IND","1","WR","1","0","0","0","0","0","0","0","0","3","0","0","0","0","0","0","0","0","0","0","0","0","0","0","0","0","0","0","0","0","0","0","0","0","0","0","0","0","0","0","0","0","0","0","0","0","0",""
"Demario Douglas","NE","17","WR","43","31","3","447","1","3","1","1","72.1","10.4","10.4","14.42","7.13","10","6","3","23.3","19.4","100","2","1","4.7","3.2","33.3","7","0","21","0","0","0","3","1.14","0","0","0","1","0","14.3","0","0","0","0","0","0","0","95.8","0.33","2.52"
"Dalen Cambre","NYG","5","WR","0","0","0","0","0","0","0","0","0","0","0","0","0","0","0","0","0","0","0","0","0","0","0","0","0","0","0","0","0","0","0","0","0","0","0","0","0","0","0","0","0","0","0","0","0","0","0",""
"Dontayvion Wicks","GB","14","WR","44","30","0","332","0","2","0","3","68.2","11.64","7.55","11.07","2.27","10","4","2","22.7","13.3","100","2","1","4.5","3.3","50","1","0","6","0","0","0","6","2","0","0","0","0","0","0","0","0","0","0","0","0","0","75.8","0.19","2.45"
"John Metchie III","NYJ","16","WR","48","33","0","274","0","2","0","4","68.8","5.48","5.71","8.3","4.36","6","2","2","12.5","6.1","100","1","0","2.1","0","0","3","0","-5","0","0","0","-1.67","2.67","0","0","0","0","0","0","0","0","0","0","0","0","0","71.9","0.16","2"
"Isaiah Williams","NYJ","11","WR","34","26","0","193","0","0","0","1","76.5","3.15","5.68","7.42","4.69","2","2","0","5.9","7.7","0","0","0","0","0","0","3","0","34","0","0","0","11.33","2.67","0","0","0","0","0","0","0","0","0","0","0","0","0","48.7","0.15","1.68"
"Anthony Gould","IND","6","WR","2","2","0","6","0","0","0","0","100","-1","3","3","4","1","1","0","50","50","0","0","0","0","0","0","0","0","0","0","0","0","0","0","0","0","0","0","0","0","0","0","0","0","0","0","0","2.6","0.04","1.3"
"Ashton Dulin","IND","12","WR","10","5","1","106","0","0","0","0","50","16","10.6","21.2","10.4","1","1","0","10","20","0","0","0","0","0","0","3","0","44","0","0","0","14.67","10.67","3","1","0","2","0","66.7","0","0","0","0","0","0","0","20","0.12","2.5"
"Deven Thompkins","ATL","4","WR","3","3","0","27","0","0","0","0","100","2.33","9","9","6.67","0","0","0","0","0","0","0","0","0","0","0","1","0","5","0","0","0","5","2","0","0","0","0","0","0","0","0","0","0","0","0","0","6.2","0.28","1.55"
"Calvin Austin III","PIT","14","WR","53","31","0","372","0","3","0","3","58.5","10.49","7.02","12","4.16","12","7","3","22.6","22.6","100","3","3","5.7","9.7","100","0","0","0","0","0","0","0","0","0","0","0","0","0","0","0","0","0","0","0","0","0","86.2","0.19","2.78"
"DeVonta Smith","PHI","17","WR","112","77","4","1008","2","4","1","3","68.8","12.42","9","13.09","3.78","24","12","3","21.4","15.6","75","9","3","8","3.9","75","0","0","0","0","0","0","0","0","0","0","0","0","0","0","0","0","0","0","0","0","1","201.8","0.23","2.62"
"Malik Cunningham","DET","1","WR","0","0","0","0","0","0","0","0","0","0","0","0","0","0","0","0","0","0","0","0","0","0","0","0","1","0","1","0","0","0","1","2","0","0","0","0","0","0","0","0","0","0","0","0","0","0.1","0.1","0.1"
"Deebo Samuel","WAS","16","WR","99","72","1","727","0","5","0","5","72.7","5.47","7.34","10.1","6.54","16","10","4","16.2","13.9","80","5","3","5.1","4.2","60","17","0","75","0","1","0","4.41","3.35","4","0.24","2","4","1","23.5","100","1","0","5.9","0","0","1","188.2","0.26","2.11"
"Braxton Berrios","HST","3","WR","8","6","0","37","0","0","0","0","75","2.88","4.63","6.17","3","1","1","0","12.5","16.7","0","0","0","0","0","0","0","0","0","0","0","0","0","0","0","0","0","0","0","0","0","0","0","0","0","0","0","9.7","0.16","1.62"
"Parris Campbell","DAL","1","WR","0","0","0","0","0","0","0","0","0","0","0","0","0","0","0","0","0","0","0","0","0","0","0","0","0","0","0","0","0","0","0","0","0","0","0","0","0","0","0","0","0","0","0","0","0","0","0",""
"KaVontae Turpin","DAL","15","WR","37","26","2","396","0","2","1","4","70.3","9.16","10.7","15.23","8.15","7","4","1","18.9","15.4","50","3","1","8.1","3.8","50","17","0","89","0","0","0","5.24","2.82","6","0.35","1","0","0","0","0","0","0","0","0","0","0","86.5","0.23","2.01"
"Hunter Renfrow","CAR","6","WR","24","15","0","89","0","2","0","1","62.5","8.29","3.71","5.93","1.4","8","5","2","33.3","33.3","100","3","2","12.5","13.3","100","0","0","0","0","0","0","0","0","0","0","0","0","0","0","0","0","0","0","0","0","0","35.9","0.17","2.39"
"Russell Gage","SF","1","WR","0","0","0","0","0","0","0","0","0","0","0","0","0","0","0","0","0","0","0","0","0","0","0","0","0","0","0","0","0","0","0","0","0","0","0","0","0","0","0","0","0","0","0","0","0","0","0",""
"Britain Covey","PHI","3","WR","4","2","0","20","0","0","0","1","50","2.5","5","10","9.5","2","1","0","50","50","0","0","0","0","0","0","0","0","0","0","0","0","0","0","0","0","0","0","0","0","0","0","0","0","0","0","0","4","0.1","2"
"Kalif Raymond","DET","15","WR","28","24","0","289","0","1","0","1","85.7","5.93","10.32","12.04","6.83","3","2","0","10.7","8.3","0","0","0","0","0","0","2","0","19","0","0","0","9.5","8.5","1","0.5","0","0","0","0","0","0","0","0","0","0","0","60.8","0.17","2.34"
"Stefon Diggs","NE","17","WR","100","85","0","1013","5","4","0","2","85","8.74","10.13","11.92","4.27","21","17","4","21","20","100","3","1","3","1.2","25","0","0","0","0","0","0","0","0","0","0","0","0","0","0","0","0","0","0","0","0","0","210.3","0.35","2.47"
"Tyler Lockett","LV","17","WR","52","32","0","291","0","1","0","4","61.5","7.29","5.6","9.09","2.63","4","2","1","7.7","6.3","100","2","1","3.8","3.1","100","0","0","0","0","0","0","0","0","0","0","0","0","0","0","0","0","0","0","0","0","0","67.1","0.13","2.1"
"Adam Thielen","PIT","16","WR","32","19","0","186","0","0","0","3","59.4","8.94","5.81","9.79","2.47","5","4","0","15.6","21.1","0","1","0","3.1","0","0","0","0","0","0","0","0","0","0","0","0","0","0","0","0","0","0","0","0","0","1","1","37.6","0.1","1.98"
"Kameron Johnson","TB","14","WR","6","4","0","64","0","1","0","1","66.7","11.67","10.67","16","4.75","1","1","1","16.7","25","100","0","0","0","0","0","2","0","13","0","0","0","6.5","2.5","1","0.5","0","0","0","0","0","0","0","0","0","0","0","17.7","0.17","2.95"
"Jacoby Jones","WAS","1","WR","1","1","0","25","0","0","0","0","100","3","25","25","22","0","0","0","0","0","0","0","0","0","0","0","0","0","0","0","0","0","0","0","0","0","0","0","0","0","0","0","0","0","0","0","0","3.5","0.32","3.5"
"Elic Ayomanor","TEN","16","WR","86","41","0","515","0","4","0","4","47.7","12.78","5.99","12.56","2.95","15","7","4","17.4","17.1","100","6","3","7","7.3","75","0","0","0","0","0","0","0","0","0","0","0","0","0","0","0","0","0","0","0","0","0","116.5","0.15","2.84"
"Matthew Golden","GB","14","WR","40","29","1","361","0","0","0","1","72.5","12.7","9.03","12.45","3.59","7","3","0","17.5","10.3","0","2","0","5","0","0","10","0","49","0","0","0","4.9","4.9","3","0.3","0","2","0","20","0","0","0","0","0","0","0","70","0.15","1.79"
"Kaden Davis","CLV","1","WR","0","0","0","0","0","0","0","0","0","0","0","0","0","0","0","0","0","0","0","0","0","0","0","0","0","0","0","0","0","0","0","0","0","0","0","0","0","0","0","0","0","0","0","0","0","0","0",""
"Jayden Higgins","HST","17","WR","67","41","1","525","0","6","1","1","61.2","12.37","7.84","12.8","3","20","11","5","29.9","26.8","83.3","9","5","13.4","12.2","83.3","0","0","0","0","0","0","0","0","0","0","0","0","0","0","0","0","0","0","0","0","1","129.5","0.19","3.16"
"Dominic Lovett","DET","7","WR","0","0","0","0","0","0","0","0","0","0","0","0","0","0","0","0","0","0","0","0","0","0","0","0","0","0","0","0","0","0","0","0","0","0","0","0","0","0","0","0","0","0","0","0","0","0","0",""
"Brian Thomas Jr.","JAX","14","WR","88","48","1","707","0","2","0","8","54.5","14.77","8.03","14.73","3.54","24","7","2","27.3","14.6","100","7","1","8","2.1","50","3","0","21","0","1","0","7","1.67","0","0","0","1","1","33.3","100","0","0","0","0","0","0","138.8","0.19","2.72"
"Malik Nabers","NYG","4","WR","30","18","1","271","1","2","1","2","60","18.17","9.03","15.06","2.83","11","4","2","36.7","22.2","100","6","2","20","11.1","100","0","0","0","0","0","0","0","0","0","0","0","0","0","0","0","0","0","0","0","0","0","57.1","0.26","3.17"
"Adonai Mitchell","NYJ","16","WR","71","33","2","453","1","2","1","6","46.5","15.23","6.38","13.73","2.64","18","4","2","25.4","12.1","100","5","1","7","3","50","1","0","-4","0","0","0","-4","1","0","0","1","0","0","0","0","0","0","0","0","0","0","89.9","0.18","2.64"
"Troy Franklin","DEN","17","WR","102","65","2","709","0","6","0","8","63.7","13.02","6.95","10.91","4.29","32","19","6","31.4","29.2","100","9","5","8.8","7.7","83.3","5","0","12","0","0","0","2.4","4","1","0.2","1","0","0","0","0","0","0","0","0","3","3","173.1","0.26","2.47"
"Tejhaun Palmer","ARZ","1","WR","0","0","0","0","0","0","0","0","0","0","0","0","0","0","0","0","0","0","0","0","0","0","0","0","0","0","0","0","0","0","0","0","0","0","0","0","0","0","0","0","0","0","0","0","0","0","0",""
"Beaux Collins","NYG","8","WR","6","2","0","25","0","0","0","0","33.3","12.5","4.17","12.5","3.5","3","1","0","50","50","0","1","0","16.7","0","0","0","0","0","0","0","0","0","0","0","0","0","0","0","0","0","0","0","0","0","0","0","4.5","0.05","2.25"
"Efton Chism III","NE","8","WR","3","3","0","75","0","1","0","0","100","12.67","25","25","13.33","1","1","1","33.3","33.3","100","1","1","33.3","33.3","100","0","0","0","0","0","0","0","0","0","0","0","0","0","0","0","0","0","0","0","0","0","16.5","0.18","5.5"
"Darius Cooper","PHI","13","WR","11","9","0","92","0","0","0","0","81.8","9.73","8.36","10.22","2.67","2","1","0","18.2","11.1","0","0","0","0","0","0","0","0","0","0","0","0","0","0","0","0","0","0","0","0","0","0","0","0","0","0","0","18.2","0.09","2.02"
"Jalen McMillan","TB","4","WR","15","12","0","178","1","0","0","2","80","11.8","11.87","14.83","4.83","3","2","0","20","16.7","0","0","0","0","0","0","1","0","1","0","0","0","1","1","0","0","0","1","0","100","0","0","0","0","0","0","0","29.9","0.22","2.3"
"Parker Washington","JAX","16","WR","88","58","2","847","2","5","0","6","65.9","13.08","9.63","14.6","4.78","23","18","5","26.1","31","100","7","4","8","6.9","80","7","0","0","0","0","0","0","0.71","0","0","0","1","0","14.3","0","1","0","14.3","0","0","1","172.7","0.26","2.66"
"KeAndre Lambert-Smith","LAC","10","WR","12","5","0","51","0","1","0","1","41.7","17.58","4.25","10.2","4.2","3","1","1","25","20","100","2","1","16.7","20","100","0","0","0","0","0","0","0","0","0","0","0","0","0","0","0","0","0","0","0","0","0","16.1","0.13","3.22"
"Ricky White","SEA","2","WR","0","0","0","0","0","0","0","0","0","0","0","0","0","0","0","0","0","0","0","0","0","0","0","0","0","0","0","0","0","0","0","0","0","0","0","0","0","0","0","0","0","0","0","0","0","0","0",""
"Roman Wilson","PIT","13","WR","20","12","1","166","0","2","0","0","60","13.8","8.3","13.83","5.58","2","1","1","10","8.3","50","1","1","5","8.3","50","0","0","0","0","0","0","0","0","0","0","1","0","0","0","0","0","0","0","0","0","0","40.6","0.16","3.38"
"Jimmy Holiday","KC","1","WR","0","0","0","0","0","0","0","0","0","0","0","0","0","0","0","0","0","0","0","0","0","0","0","0","0","0","0","0","0","0","0","0","0","0","0","0","0","0","0","0","0","0","0","0","0","0","0",""
"Arian Smith","NYJ","16","WR","15","7","0","52","0","0","0","0","46.7","14.67","3.47","7.43","4.29","4","0","0","26.7","0","0","2","0","13.3","0","0","4","0","13","0","0","0","3.25","1.25","0","0","0","0","0","0","0","0","0","0","0","0","0","13.5","0.04","1.23"
"Tez Johnson","TB","16","WR","42","28","1","322","0","5","1","1","66.7","12.24","7.67","11.5","3.82","10","6","4","23.8","21.4","80","6","4","14.3","14.3","80","7","0","22","0","0","0","3.14","1.57","0","0","0","2","0","28.6","0","0","0","0","0","0","0","92.4","0.19","2.64"
"Mitchell Tinsley","CIN","17","WR","23","8","0","116","0","2","0","3","34.8","16.22","5.04","14.5","1.88","11","3","2","47.8","37.5","100","5","2","21.7","25","100","0","0","0","0","0","0","0","0","0","0","0","0","0","0","0","0","0","0","0","0","0","31.6","0.11","3.95"
"Ke'Shawn Williams","CIN","7","WR","1","1","0","5","0","0","0","0","100","4","5","5","1","0","0","0","0","0","0","0","0","0","0","0","2","0","10","0","0","0","5","3.5","0","0","0","0","0","0","0","0","0","0","0","0","0","2.5","0.11","0.83"
"Myles Price","MIN","5","WR","0","0","0","0","0","0","0","0","0","0","0","0","0","0","0","0","0","0","0","0","0","0","0","0","0","0","0","0","0","0","0","0","0","0","0","0","0","0","0","0","0","0","0","0","0","0","0",""
"Jordan Watkins","SF","4","WR","3","2","0","26","0","0","0","1","66.7","14.33","8.67","13","0.5","0","0","0","0","0","0","0","0","0","0","0","0","0","0","0","0","0","0","0","0","0","0","0","0","0","0","0","0","0","0","0","0","4.6","0.18","2.3"
"Quentin Skinner","NYJ","1","WR","1","1","0","10","0","0","0","0","100","4","10","10","6","0","0","0","0","0","0","0","0","0","0","0","0","0","0","0","0","0","0","0","0","0","0","0","0","0","0","0","0","0","0","1","1","2","0.13","2"
"Xavier Hutchinson","HST","17","WR","56","35","0","428","0","3","0","1","62.5","10.96","7.64","12.23","4.23","12","6","3","21.4","17.1","100","4","1","7.1","2.9","33.3","3","0","22","0","0","0","7.33","6.33","5","1.67","0","1","0","33.3","0","0","0","0","0","0","0","98","0.15","2.58"
"Jaylin Lane","WAS","15","WR","31","16","1","225","0","0","0","3","51.6","14.87","7.26","14.06","2.44","8","2","0","25.8","12.5","0","4","0","12.9","0","0","1","0","7","0","0","0","7","3","0","0","0","0","0","0","0","0","0","0","0","0","0","39.2","0.11","2.31"
"Jason Brownlee","KC","4","WR","1","0","0","0","0","0","0","0","0","14","0","0","0","1","0","0","100","0","0","1","0","100","0","0","0","0","0","0","0","0","0","0","0","0","0","0","0","0","0","0","0","0","0","0","0","0","0",""
"Dareke Young","SEA","7","WR","3","2","0","48","0","0","0","0","66.7","18.67","16","24","0.5","1","1","0","33.3","50","0","0","0","0","0","0","0","0","0","0","0","0","0","0","0","0","0","0","0","0","0","0","0","0","0","0","0","6.8","0.13","3.4"
"Jakobie Keeney-James","GB","1","WR","2","2","0","15","0","0","0","0","100","7.5","7.5","7.5","0","0","0","0","0","0","0","0","0","0","0","0","0","0","0","0","0","0","0","0","0","0","0","0","0","0","0","0","0","0","0","0","0","3.5","0.07","1.75"
"Tre Tucker","LV","17","WR","90","57","1","696","1","5","1","5","63.3","10.66","7.73","12.21","5.12","22","10","5","24.4","17.5","100","7","2","7.8","3.5","40","11","0","51","0","0","0","4.64","2.09","2","0.18","0","1","0","9.1","0","0","0","0","0","0","0","161.7","0.17","2.38"
"Ricky Pearsall","SF","9","WR","52","36","1","528","2","0","0","1","69.2","14","10.15","14.67","2.17","7","3","0","13.5","8.3","0","3","0","5.8","0","0","2","0","-2","0","0","0","-1","3","1","0.5","0","0","0","0","0","0","0","0","0","0","0","88.6","0.18","2.33"
"Puka Nacua","LA","16","WR","160","129","3","1715","6","10","1","4","80.6","9.24","10.72","13.29","5.26","34","26","8","21.3","20.2","80","6","3","3.8","2.3","30","10","1","105","0","1","1","10.5","7.8","3","0.3","1","1","0","10","0","0","0","0","0","0","0","377","0.52","2.71"
"Jared Wayne","HST","1","WR","2","2","0","20","0","0","0","0","100","9","10","10","1","0","0","0","0","0","0","0","0","0","0","0","0","0","0","0","0","0","0","0","0","0","0","0","0","0","0","0","0","0","0","0","0","4","0.11","2"
"Theo Wease Jr.","MIA","3","WR","10","6","1","139","0","1","1","0","60","14.2","13.9","23.17","10","1","0","0","10","0","0","1","0","10","0","0","0","0","0","0","0","0","0","0","0","0","0","0","0","0","0","0","0","0","0","0","0","25.9","0.47","4.32"
"Rashee Rice","KC","8","WR","77","53","2","571","1","5","0","6","68.8","4.87","7.42","10.77","8.06","19","11","4","24.7","20.8","80","5","2","6.5","3.8","40","5","0","20","0","1","0","4","3.8","0","0","2","3","1","60","100","2","1","40","100","1","1","148.1","0.36","2.55"
"Tahj Washington","MIA","6","WR","5","3","0","37","0","0","0","0","60","23.6","7.4","12.33","3","2","1","0","40","33.3","0","0","0","0","0","0","0","0","0","0","0","0","0","0","0","0","1","0","0","0","0","0","0","0","0","0","0","6.7","0.15","2.23"
"Jalen Moreno-Cropper","DAL","3","WR","0","0","0","0","0","0","0","0","0","0","0","0","0","0","0","0","0","0","0","0","0","0","0","0","0","0","0","0","0","0","0","0","0","0","0","0","0","0","0","0","0","0","0","0","0","0","0",""
"Zay Flowers","BLT","17","WR","117","86","4","1211","3","5","2","5","73.5","10.13","10.35","14.08","5.5","18","10","3","15.4","11.6","60","5","1","4.3","1.2","20","10","0","62","0","1","0","6.2","3.7","5","0.5","4","1","1","10","100","0","0","0","0","0","1","249.3","0.28","2.6"
"Skyy Moore","SF","14","WR","7","5","0","87","0","0","0","0","71.4","16","12.43","17.4","5.4","2","1","0","28.6","20","0","0","0","0","0","0","2","0","11","0","0","0","5.5","2","0","0","0","0","0","0","0","0","0","0","0","0","0","14.8","0.13","2.11"
"Malik Washington","MIA","17","WR","62","46","0","317","0","3","0","1","74.2","5.35","5.11","6.89","5.7","15","11","3","24.2","23.9","100","3","2","4.8","4.3","66.7","17","0","110","0","1","0","6.47","5","6","0.35","1","3","1","17.6","100","0","0","0","0","0","0","112.7","0.2","1.79"
"Tom Kennedy","DET","4","WR","4","4","0","36","0","0","0","0","100","8","9","9","1","1","1","0","25","25","0","0","0","0","0","0","0","0","0","0","0","0","0","0","0","0","0","0","0","0","0","0","0","0","0","0","0","7.6","0.16","1.9"
"Drake London","ATL","12","WR","104","68","3","919","5","7","0","2","65.4","11.12","8.84","13.51","3.57","21","10","7","20.2","14.7","100","10","6","9.6","8.8","85.7","0","0","0","0","0","0","0","0","0","0","1","0","0","0","0","0","0","0","0","1","1","201.9","0.28","2.97"
"Amon-Ra St. Brown","DET","17","WR","162","117","1","1401","5","11","0","5","72.2","8.41","8.65","11.97","5.05","49","29","11","30.2","24.8","100","8","4","4.9","3.4","36.4","3","0","9","0","0","0","3","4","0","0","1","1","0","33.3","0","0","0","0","0","0","0","324","0.34","2.7"
"Brycen Tremayne","CAR","16","WR","17","14","0","160","0","0","0","0","82.4","8.59","9.41","11.43","3.86","1","1","0","5.9","7.1","0","0","0","0","0","0","0","0","0","0","0","0","0","0","0","0","1","0","0","0","0","0","0","0","0","0","0","30","0.11","2.14"
"Simi Fehoko","ARZ","5","WR","0","0","0","0","0","0","0","0","0","0","0","0","0","0","0","0","0","0","0","0","0","0","0","0","0","0","0","0","0","0","0","0","0","0","0","0","0","0","0","0","0","0","0","0","0","0","0",""
"Michael Wilson","ARZ","17","WR","124","78","2","1006","3","7","1","4","62.9","12.24","8.11","12.9","3.55","31","16","6","25","20.5","85.7","9","3","7.3","3.8","42.9","0","0","0","0","0","0","0","0","0","0","0","0","0","0","0","0","0","0","0","0","1","220.6","0.24","2.83"
"Justin Shorter","LV","3","WR","0","0","0","0","0","0","0","0","0","0","0","0","0","0","0","0","0","0","0","0","0","0","0","0","0","0","0","0","0","0","0","0","0","0","0","0","0","0","0","0","0","0","0","0","0","0","0",""
"Jahan Dotson","PHI","17","WR","33","18","2","262","0","1","1","0","54.5","15.61","7.94","14.56","2.78","10","4","1","30.3","22.2","100","1","0","3","0","0","0","0","0","0","0","0","0","0","0","0","0","0","0","0","0","0","0","0","0","0","0","50.2","0.08","2.79"
"Kevin Austin Jr.","NO","8","WR","23","13","0","140","0","1","0","3","56.5","8.43","6.09","10.77","4.38","4","1","1","17.4","7.7","100","2","1","8.7","7.7","100","0","0","0","0","0","0","0","0","0","0","0","0","0","0","0","0","0","0","0","0","0","33","0.14","2.54"
"Rashod Bateman","BLT","13","WR","35","19","0","224","0","2","0","3","54.3","12.66","6.4","11.79","2.21","12","7","2","34.3","36.8","100","3","2","8.6","10.5","100","0","0","0","0","0","0","0","0","0","0","0","0","0","0","0","0","0","0","0","1","1","53.4","0.1","2.81"
"Ronnie Bell","NO","2","WR","4","2","0","23","0","1","0","0","50","22","5.75","11.5","0.5","2","1","1","50","50","100","2","1","50","50","100","0","0","0","0","0","0","0","0","0","0","0","0","0","0","0","0","0","0","0","0","0","10.3","0.27","5.15"
"Bryce Oliver","TEN","3","WR","1","1","0","8","0","0","0","0","100","6","8","8","2","0","0","0","0","0","0","0","0","0","0","0","0","0","0","0","0","0","0","0","0","0","0","0","0","0","0","0","0","0","0","0","0","1.8","0.06","1.8"
"Nikko Remigio","KC","9","WR","1","1","0","21","0","0","0","0","100","18","21","21","3","0","0","0","0","0","0","0","0","0","0","0","1","0","11","0","0","0","11","5","0","0","0","0","0","0","0","0","0","0","0","0","0","4.2","0.14","2.1"
"Ryan Miller","NYG","12","WR","4","2","0","34","0","1","0","0","50","17.75","8.5","17","0","3","1","1","75","50","100","1","1","25","50","100","0","0","0","0","0","0","0","0","0","0","0","0","0","0","0","0","0","0","0","0","0","11.4","0.09","5.7"
"Alec Pierce","IND","15","WR","83","47","5","1003","2","6","1","1","56.6","20.05","12.08","21.34","4","23","11","5","27.7","23.4","83.3","11","5","13.3","10.6","83.3","0","0","0","0","0","0","0","0","0","0","0","0","0","0","0","0","0","0","0","0","0","183.3","0.23","3.9"
"Rome Odunze","CHI","12","WR","87","44","0","661","2","6","0","4","50.6","14.47","7.6","15.02","4.8","21","9","5","24.1","20.5","83.3","10","3","11.5","6.8","50","0","0","0","0","0","0","0","0","0","0","0","0","0","0","0","0","0","0","0","0","1","146.1","0.2","3.32"
"Christian Watson","GB","10","WR","55","35","3","611","1","6","2","1","63.6","18.02","11.11","17.46","3.37","15","7","5","27.3","20","83.3","5","2","9.1","5.7","33.3","1","0","3","0","0","0","3","0","0","0","0","1","0","100","0","0","0","0","0","0","0","132.4","0.32","3.68"
"Rashid Shaheed","SEA","18","WR","89","59","1","687","1","2","1","0","66.3","11.38","7.72","11.64","3.08","18","4","1","20.2","6.8","50","4","0","4.5","0","0","9","0","69","0","0","0","7.67","3.11","1","0.11","1","1","0","11.1","0","0","0","0","0","0","0","146.6","0.21","2.16"
"Tim Jones","JAX","4","WR","1","1","0","15","0","0","0","0","100","4","15","15","11","0","0","0","0","0","0","0","0","0","0","0","0","0","0","0","0","0","0","0","0","0","0","0","0","0","0","0","0","0","0","0","0","2.5","0.1","2.5"
"Jalen Tolbert","DAL","13","WR","33","18","0","203","0","1","0","1","54.5","12.42","6.15","11.28","2.72","10","3","1","30.3","16.7","100","5","1","15.2","5.6","100","0","0","0","0","0","0","0","0","0","0","0","0","0","0","0","0","0","0","0","1","1","44.3","0.1","2.46"
"Bo Melton","GB","13","WR","11","4","1","107","0","1","1","2","36.4","18.45","9.73","26.75","1.5","3","2","1","27.3","50","100","1","1","9.1","25","100","5","0","35","0","0","0","7","2","0","0","0","0","0","0","0","0","0","0","0","0","0","24.2","0.25","2.69"
"Tylan Wallace","BLT","14","WR","8","4","0","45","0","1","0","0","50","14.88","5.63","11.25","4.25","3","1","1","37.5","25","100","3","1","37.5","25","100","0","0","0","0","0","0","0","0","0","0","0","0","0","0","0","0","0","0","0","0","0","14.5","0.08","3.63"
"CeeDee Lamb","DAL","14","WR","114","75","3","1077","6","3","1","8","65.8","12.75","9.45","14.36","4.27","30","12","2","26.3","16","66.7","10","2","8.8","2.7","66.7","1","0","2","0","0","0","2","1","0","0","0","0","0","0","0","0","0","0","0","0","0","200.9","0.27","2.64"
"Marquise Brown","KC","16","WR","72","49","3","587","0","5","0","1","68.1","11.82","8.15","11.98","3.88","19","11","5","26.4","22.4","100","6","4","8.3","8.2","80","0","0","0","0","0","0","0","0","0","0","1","0","0","0","0","0","0","0","0","0","0","137.7","0.25","2.81"
"Cody White","SEA","9","WR","4","3","1","90","0","1","1","0","75","10.25","22.5","30","19","0","0","0","0","0","0","0","0","0","0","0","0","0","0","0","0","0","0","0","0","0","0","0","0","0","0","0","0","0","0","0","0","18","0.11","6"
"Justin Jefferson","MIN","17","WR","140","84","2","1048","3","2","0","5","60","10.7","7.49","12.48","5.18","33","9","2","23.6","10.7","100","14","2","10","2.4","100","2","0","7","0","0","0","3.5","2","0","0","0","0","0","0","0","0","0","0","0","0","1","201.5","0.21","2.34"
"Tee Higgins","CIN","15","WR","98","59","3","846","1","11","3","2","60.2","13.92","8.63","14.34","2.78","37","20","11","37.8","33.9","100","12","5","12.2","8.5","45.5","0","0","0","0","0","0","0","0","0","0","0","0","0","0","0","0","0","0","0","1","1","209.6","0.27","3.55"
"Isaiah Hodgins","NYG","7","WR","17","10","0","115","0","1","0","0","58.8","11.47","6.76","11.5","1.8","9","4","1","52.9","40","100","1","1","5.9","10","100","0","0","0","0","0","0","0","0","0","0","0","0","0","0","0","0","0","0","0","0","0","27.5","0.08","2.75"
"Steven Sims","ARZ","3","WR","1","0","0","0","0","0","0","1","0","2","0","0","0","0","0","0","0","0","0","0","0","0","0","0","0","0","0","0","0","0","0","0","0","0","0","0","0","0","0","0","0","0","0","0","0","0","0",""
"A.J. Brown","PHI","15","WR","120","78","1","1003","5","7","0","1","65","11.88","8.36","12.86","3.46","30","16","7","25","20.5","100","4","2","3.3","2.6","28.6","0","0","0","0","0","0","0","0","0","0","0","0","0","0","0","0","0","0","0","0","0","220.3","0.26","2.82"
"DJ Moore","CHI","17","WR","80","50","2","682","0","6","1","2","62.5","12.49","8.53","13.64","4.48","23","10","6","28.7","20","100","11","5","13.8","10","83.3","15","0","79","0","1","0","5.27","2.07","1","0.07","1","2","1","13.3","100","0","0","0","0","0","0","168.1","0.17","2.59"
"Calvin Ridley","TEN","7","WR","35","17","1","303","1","0","0","3","48.6","13.46","8.66","17.82","5.06","6","1","0","17.1","5.9","0","2","0","5.7","0","0","0","0","0","0","0","0","0","0","0","0","0","0","0","0","0","0","0","0","0","0","0","47.3","0.19","2.78"
"Cedrick Wilson Jr.","MIA","10","WR","9","5","0","44","0","0","0","0","55.6","10.22","4.89","8.8","5.4","3","1","0","33.3","20","0","2","0","22.2","0","0","0","0","0","0","0","0","0","0","0","0","0","0","0","0","0","0","0","0","0","0","0","9.4","0.05","1.88"
"Allen Lazard","NYJ","10","WR","18","10","0","70","0","1","0","0","55.6","11.44","3.89","7","3.6","9","3","1","50","30","100","5","1","27.8","10","100","0","0","0","0","0","0","0","0","0","0","0","0","0","0","0","0","0","0","0","0","0","23","0.09","2.3"
"Tyler Johnson","NYJ","12","WR","15","12","0","197","0","1","0","2","80","13.4","13.13","16.42","5.5","3","3","1","20","25","100","1","1","6.7","8.3","100","0","0","0","0","0","0","0","0","0","0","0","0","0","0","0","0","0","0","0","0","0","37.7","0.13","3.14"
"Trent Sherfield","ARZ","12","WR","5","3","0","21","0","0","0","0","60","8.6","4.2","7","4.33","3","1","0","60","33.3","0","0","0","0","0","0","0","0","0","0","0","0","0","0","0","0","0","0","0","0","0","0","0","0","0","0","0","5.1","0.03","1.7"
"Ray-Ray McCloud III","NYG","6","WR","13","7","0","69","0","0","0","1","53.8","6.31","5.31","9.86","6.14","2","0","0","15.4","0","0","1","0","7.7","0","0","0","0","0","0","0","0","0","0","0","0","0","0","0","0","0","0","0","0","0","0","0","13.9","0.07","1.99"
"Marquez Valdes-Scantling","PIT","10","WR","28","14","0","120","0","1","0","1","50","12.36","4.29","8.57","2.29","8","2","1","28.6","14.3","100","4","1","14.3","7.1","100","0","0","0","0","0","0","0","0","0","0","1","0","0","0","0","0","0","0","0","0","0","32","0.09","2.29"
"Scott Miller","PIT","13","WR","12","9","0","62","0","0","0","0","75","5.58","5.17","6.89","3.56","3","1","0","25","11.1","0","1","0","8.3","0","0","0","0","0","0","0","0","0","0","0","0","0","0","0","0","0","0","0","0","0","0","0","15.2","0.1","1.69"
"Jakobi Meyers","JAX","16","WR","107","75","2","835","0","3","0","3","70.1","9.37","7.8","11.13","3.87","22","11","3","20.6","14.7","100","10","3","9.3","4","100","5","0","13","0","0","0","2.6","2.6","1","0.2","1","2","0","40","0","1","0","20","0","0","0","177.8","0.2","2.22"
"River Cracraft","WAS","1","WR","0","0","0","0","0","0","0","0","0","0","0","0","0","0","0","0","0","0","0","0","0","0","0","0","0","0","0","0","0","0","0","0","0","0","0","0","0","0","0","0","0","0","0","0","0","0","0",""
"Mecole Hardman Jr.","BUF","1","WR","1","0","0","0","0","0","0","0","0","46","0","0","0","0","0","0","0","0","0","0","0","0","0","0","0","0","0","0","0","0","0","0","0","0","0","0","0","0","0","0","0","0","0","0","0","0","0",""
"Lil'Jordan Humphrey","DEN","10","WR","22","13","0","156","0","1","0","0","59.1","12.5","7.09","12","2.54","6","2","1","27.3","15.4","100","3","1","13.6","7.7","100","0","0","0","0","0","0","0","0","0","0","0","0","0","0","0","0","0","0","0","0","0","34.6","0.11","2.66"
"Devin Duvernay","CHI","6","WR","5","2","0","26","0","0","0","0","40","16.2","5.2","13","0","2","1","0","40","50","0","1","0","20","0","0","0","0","0","0","0","0","0","0","0","0","0","0","0","0","0","0","0","0","0","0","0","4.6","0.11","2.3"
"Dan Chisena","CAR","1","WR","0","0","0","0","0","0","0","0","0","0","0","0","0","0","0","0","0","0","0","0","0","0","0","0","0","0","0","0","0","0","0","0","0","0","0","0","0","0","0","0","0","0","0","0","0","0","0",""
"Maurice Alexander","CHI","1","WR","0","0","0","0","0","0","0","0","0","0","0","0","0","0","0","0","0","0","0","0","0","0","0","0","0","0","0","0","0","0","0","0","0","0","0","0","0","0","0","0","0","0","0","0","0","0","0",""
"Darius Slayton","NYG","14","WR","60","37","1","538","0","1","0","6","61.7","13.83","8.97","14.54","5.14","14","3","0","23.3","8.1","0","6","0","10","0","0","0","0","0","0","0","0","0","0","0","0","1","0","0","0","0","0","0","0","0","2","2","96.8","0.13","2.62"
"Kendrick Bourne","SF","16","WR","51","37","2","551","2","0","0","7","72.5","11.08","10.8","14.89","4.51","10","7","0","19.6","18.9","0","1","0","2","0","0","0","0","0","0","0","0","0","0","0","0","0","0","0","0","0","0","0","0","0","0","0","92.1","0.16","2.49"
"Noah Brown","WAS","4","WR","10","5","0","83","0","0","0","1","50","15.2","8.3","16.6","2","3","0","0","30","0","0","1","0","10","0","0","0","0","0","0","0","0","0","0","0","0","0","0","0","0","0","0","0","0","0","0","0","13.3","0.13","2.66"
"Mack Hollins","NE","15","WR","64","46","1","550","1","2","0","0","71.9","13.27","8.59","11.96","2.43","15","9","2","23.4","19.6","100","5","2","7.8","4.3","100","1","0","4","0","0","0","4","1","0","0","1","0","0","0","0","0","0","0","0","0","0","113.4","0.17","2.41"
"Curtis Samuel","BUF","6","WR","9","7","0","81","0","1","0","0","77.8","15.89","9","11.57","3.86","2","1","1","22.2","14.3","100","0","0","0","0","0","0","0","0","0","0","0","0","0","0","0","0","0","0","0","0","0","0","0","0","0","0","21.1","0.14","3.01"
"Robbie Chosen","WAS","3","WR","9","5","0","53","0","0","0","0","55.6","14.22","5.89","10.6","1.2","2","0","0","22.2","0","0","0","0","0","0","0","0","0","0","0","0","0","0","0","0","0","0","0","0","0","0","0","0","0","0","0","0","10.3","0.14","2.06"
"Tyreek Hill","MIA","4","WR","29","21","1","265","1","1","0","1","72.4","13.14","9.14","12.62","2.9","4","3","1","13.8","14.3","100","1","1","3.4","4.8","100","0","0","0","0","0","0","0","0","0","0","0","0","0","0","0","0","0","0","0","0","0","53.5","0.35","2.55"
"Demarcus Robinson","SF","14","WR","31","22","0","276","0","1","0","2","71","13.9","8.9","12.55","1.73","7","4","1","22.6","18.2","100","2","1","6.5","4.5","100","1","0","6","0","0","0","6","1","0","0","0","0","0","0","0","0","0","0","0","1","1","56.2","0.13","2.44"
"Laquon Treadwell","IND","7","WR","0","0","0","0","0","0","0","0","0","0","0","0","0","0","0","0","0","0","0","0","0","0","0","0","0","0","0","0","0","0","0","0","0","0","0","0","0","0","0","0","0","0","0","0","0","0","0",""
"Brandin Cooks","BUF","15","WR","35","24","1","279","1","0","0","1","68.6","14.74","7.97","11.63","1.75","6","2","0","17.1","8.3","0","1","0","2.9","0","0","0","0","0","0","0","0","0","0","0","0","0","0","0","0","0","0","0","0","0","0","0","51.9","0.1","2.16"
"Keenan Allen","LAC","17","WR","118","81","0","777","1","4","0","5","68.6","8.57","6.58","9.59","2.93","27","15","4","22.9","18.5","100","10","4","8.5","4.9","100","0","0","0","0","0","0","0","0","0","0","2","0","0","0","0","0","0","0","0","0","0","182.7","0.29","2.26"
"Dylan Sampson","CLV","15","RB","35","33","1","271","0","2","1","1","94.3","-1.34","7.74","8.21","9.82","2","2","1","5.7","6.1","50","1","1","2.9","3","50","65","0","175","0","0","0","2.69","2.45","12","0.18","1","7","0","10.8","0","0","0","0","0","0","0","89.6","0.36","0.91"
"Jordan James","SF","1","RB","0","0","0","0","0","0","0","0","0","0","0","0","0","0","0","0","0","0","0","0","0","0","0","0","0","0","0","0","0","0","0","0","0","0","0","0","0","0","0","0","0","0","0","0","0","0","0",""
"Omarion Hampton","LAC","9","RB","34","32","0","192","0","1","0","0","94.1","-1.56","5.65","6","7.75","1","1","1","2.9","3.1","100","0","0","0","0","0","124","1","545","1","4","1","4.4","3.35","32","0.26","1","26","3","21","75","8","3","6.5","75","0","0","135.7","0.35","0.87"
"Sione Vaki","DET","2","RB","0","0","0","0","0","0","0","0","0","0","0","0","0","0","0","0","0","0","0","0","0","0","0","0","1","0","4","0","0","0","4","3","0","0","0","0","0","0","0","0","0","0","0","0","0","0.4","0.2","0.4"
"LeQuint Allen","JAX","17","RB","11","10","0","54","0","0","0","0","90.9","-1.45","4.91","5.4","6.2","1","1","0","9.1","10","0","0","0","0","0","0","23","0","94","0","0","0","4.09","2.52","3","0.13","0","4","0","17.4","0","1","0","4.3","0","0","0","24.8","0.1","0.75"
"Ollie Gordon II","MIA","17","RB","9","7","0","32","0","1","0","0","77.8","-2.44","3.56","4.57","7.86","0","0","0","0","0","0","0","0","0","0","0","70","0","199","0","3","0","2.84","2.1","10","0.14","0","19","3","27.1","100","6","2","8.6","66.7","0","0","54.1","0.24","0.7"
"Trevor Etienne","CAR","14","RB","3","3","0","13","0","0","0","0","100","0.67","4.33","4.33","3.67","0","0","0","0","0","0","0","0","0","0","0","20","0","94","0","0","0","4.7","3.05","3","0.15","0","4","0","20","0","1","0","5","0","0","0","13.7","0.22","0.6"
"Jaydon Blue","DAL","5","RB","1","1","0","5","0","0","0","0","100","-5","5","5","10","0","0","0","0","0","0","0","0","0","0","0","38","0","129","0","1","0","3.39","1.71","4","0.11","1","7","1","18.4","100","1","0","2.6","0","0","0","20.4","0.26","0.52"
"Ashton Jeanty","LV","17","RB","68","55","1","346","0","5","1","4","80.9","-1.59","5.09","6.29","8.38","5","5","4","7.4","9.1","80","0","0","0","0","0","266","2","975","2","5","2","3.67","3.06","61","0.23","2","34","3","12.8","60","10","3","3.8","60","0","1","247.1","0.32","0.77"
"Quinshon Judkins","CLV","14","RB","33","26","1","171","0","0","0","1","78.8","-0.7","5.18","6.58","7.42","1","1","0","3","3.8","0","0","0","0","0","0","230","1","827","1","7","1","3.6","3.2","41","0.18","0","32","6","13.9","85.7","11","5","4.8","71.4","1","2","167.8","0.37","0.66"
"Kaleb Johnson","PIT","10","RB","2","1","0","9","0","0","0","1","50","-4","4.5","9","14","0","0","0","0","0","0","0","0","0","0","0","28","0","69","0","0","0","2.46","2.32","4","0.14","0","4","0","14.3","0","0","0","0","0","0","0","8.8","0.17","0.3"
"Emanuel Wilson","GB","17","RB","16","15","0","99","0","0","0","1","93.8","-2.69","6.19","6.6","9.07","1","1","0","6.3","6.7","0","0","0","0","0","0","125","0","496","1","3","0","3.97","3.06","17","0.14","1","24","3","19.2","100","4","2","3.2","66.7","1","1","92.5","0.28","0.66"
"Bhayshul Tuten","JAX","15","RB","13","10","0","79","0","2","0","0","76.9","0.15","6.08","7.9","8.3","2","2","2","15.4","20","100","0","0","0","0","0","83","0","307","0","5","0","3.7","3.22","18","0.22","1","25","5","30.1","100","7","5","8.4","100","0","1","90.6","0.42","0.97"
"Amar Johnson","LAC","1","RB","0","0","0","0","0","0","0","0","0","0","0","0","0","0","0","0","0","0","0","0","0","0","0","0","2","0","8","0","0","0","4","3","0","0","0","0","0","0","0","0","0","0","0","0","0","0.8","0.2","0.4"
"Cam Skattebo","NYG","8","RB","30","24","0","207","0","2","0","1","80","0.27","6.9","8.63","8.63","3","2","2","10","8.3","100","0","0","0","0","0","101","0","410","0","5","0","4.06","3.04","22","0.22","1","23","5","22.8","100","9","4","8.9","80","1","1","127.7","0.43","1.02"
"Audric Estime","NO","6","RB","13","12","0","103","0","0","0","0","92.3","-0.15","7.92","8.58","9","2","1","0","15.4","8.3","0","0","0","0","0","0","46","0","198","0","1","0","4.3","3.28","10","0.22","0","6","0","13","0","3","0","6.5","0","0","0","48.1","0.27","0.83"
"Nate Carter","ATL","4","RB","0","0","0","0","0","0","0","0","0","0","0","0","0","0","0","0","0","0","0","0","0","0","0","0","9","0","60","0","0","0","6.67","3.67","1","0.11","1","0","0","0","0","0","0","0","0","0","0","6","0.5","0.67"
"Jaylen Wright","MIA","10","RB","8","5","0","44","0","0","0","2","62.5","-3.25","5.5","8.8","11.8","0","0","0","0","0","0","0","0","0","0","0","70","0","288","1","2","0","4.11","3.44","14","0.2","2","12","2","17.1","100","4","2","5.7","100","0","0","50.2","0.4","0.67"
"Raheim Sanders","CLV","4","RB","4","3","0","21","0","0","0","0","75","2.75","5.25","7","4.33","0","0","0","0","0","0","0","0","0","0","0","27","0","92","0","1","0","3.41","3.11","5","0.19","0","7","1","25.9","100","4","1","14.8","100","0","0","20.3","0.34","0.68"
"Braelon Allen","NYJ","4","RB","3","2","0","17","0","0","0","1","66.7","2.67","5.67","8.5","4.5","2","1","0","66.7","50","0","0","0","0","0","0","18","0","76","0","1","0","4.22","2.56","1","0.06","1","6","1","33.3","100","0","0","0","0","0","1","17.3","0.3","0.86"
"TreVeyon Henderson","NE","17","RB","41","35","0","221","0","1","0","2","85.4","0.39","5.39","6.31","6.97","4","4","1","9.8","11.4","100","1","1","2.4","2.9","100","180","4","911","2","9","4","5.06","3.46","30","0.17","1","36","5","20","55.6","8","3","4.4","33.3","0","0","208.2","0.42","0.97"
"Bucky Irving","TB","10","RB","33","30","1","277","1","3","1","2","90.9","-2.15","8.39","9.23","11.93","2","2","1","6.1","6.7","33.3","0","0","0","0","0","173","0","588","0","1","0","3.4","2.36","31","0.18","1","18","1","10.4","100","0","0","0","0","0","0","140.5","0.33","0.69"
"Cooper DeJean","PHI","5","RB","0","0","0","0","0","0","0","0","0","0","0","0","0","0","0","0","0","0","0","0","0","0","0","0","0","0","0","0","0","0","0","0","0","0","0","0","0","0","0","0","0","0","0","0","0","0","0",""
"DJ Giddens","IND","9","RB","2","0","0","0","0","0","0","1","0","-3","0","0","0","1","0","0","50","0","0","0","0","0","0","0","26","0","96","0","0","0","3.69","2.65","2","0.08","0","5","0","19.2","0","1","0","3.8","0","0","0","9.6","0.14","0.37"
"Devin Neal","NO","9","RB","19","17","0","104","0","0","0","1","89.5","-2.05","5.47","6.12","8.12","1","1","0","5.3","5.9","0","0","0","0","0","0","57","0","206","0","2","0","3.61","2.39","10","0.18","0","5","2","8.8","100","2","2","3.5","100","0","0","60","0.22","0.81"
"Will Shipley","PHI","15","RB","10","9","0","56","0","0","0","1","90","-0.6","5.6","6.22","7.33","1","0","0","10","0","0","0","0","0","0","0","14","0","49","0","0","0","3.5","2.57","0","0","0","0","0","0","0","0","0","0","0","0","0","19.5","0.17","0.85"
"Phil Mafah","DAL","1","RB","2","2","0","11","0","0","0","0","100","-5.5","5.5","5.5","11","0","0","0","0","0","0","0","0","0","0","0","5","0","18","0","1","0","3.6","3.4","0","0","0","1","1","20","100","1","1","20","100","0","0","10.9","1.09","1.56"
"Brashard Smith","KC","17","RB","33","25","0","172","0","1","0","2","75.8","-1.42","5.21","6.88","9.44","7","6","1","21.2","24","100","0","0","0","0","0","44","0","151","0","0","0","3.43","2.23","6","0.14","1","10","0","22.7","0","1","0","2.3","0","0","0","63.3","0.33","0.92"
"Jaleel McLaughlin","DEN","8","RB","5","4","0","27","0","0","0","1","80","-4","5.4","6.75","10.25","0","0","0","0","0","0","0","0","0","0","0","37","0","187","0","1","0","5.05","2.46","12","0.32","0","5","1","13.5","100","1","1","2.7","100","0","0","31.4","0.37","0.77"
"Isaiah Davis","NYJ","16","RB","27","21","0","186","0","0","0","1","77.8","1.22","6.89","8.86","9.14","1","1","0","3.7","4.8","0","0","0","0","0","0","43","1","236","0","1","0","5.49","3.65","7","0.16","0","9","0","20.9","0","0","0","0","0","1","1","69.2","0.24","1.08"
"Trey Benson","ARZ","4","RB","14","13","0","64","0","0","0","0","92.9","0.29","4.57","4.92","5.54","4","3","0","28.6","23.1","0","1","0","7.1","0","0","29","1","160","0","0","0","5.52","3.59","10","0.34","0","3","0","10.3","0","1","0","3.4","0","0","0","35.4","0.29","0.84"
"Rachaad White","TB","17","RB","42","40","0","218","0","0","0","0","95.2","-2.07","5.19","5.45","8.22","7","6","0","16.7","15","0","1","0","2.4","0","0","132","0","572","0","4","0","4.33","2.95","25","0.19","0","18","4","13.6","100","8","3","6.1","75","0","1","143","0.25","0.83"
"Kyle Monangai","CHI","17","RB","27","18","0","164","0","0","0","4","66.7","0.19","6.07","9.11","9.17","4","3","0","14.8","16.7","0","0","0","0","0","0","169","0","783","2","5","0","4.63","2.95","25","0.15","0","36","5","21.3","100","10","4","5.9","80","2","2","142.7","0.3","0.76"
"Kalel Mullings","TEN","4","RB","0","0","0","0","0","0","0","0","0","0","0","0","0","0","0","0","0","0","0","0","0","0","0","0","3","0","7","0","0","0","2.33","2.67","0","0","0","0","0","0","0","0","0","0","0","0","0","0.7","0.06","0.23"
"Blake Corum","LA","17","RB","14","8","0","36","0","0","0","3","57.1","1.36","2.57","4.5","4.75","1","0","0","7.1","0","0","0","0","0","0","0","145","1","746","1","6","1","5.14","2.6","25","0.17","0","27","5","18.6","83.3","13","4","9","66.7","0","0","122.2","0.37","0.8"
"De'Von Achane","MIA","16","RB","85","67","0","488","0","4","0","4","78.8","0.61","5.74","7.28","8.22","8","6","3","9.4","9","75","2","1","2.4","1.5","25","238","4","1350","4","8","3","5.67","4.11","49","0.21","1","32","3","13.4","37.5","5","1","2.1","12.5","0","0","322.8","0.46","1.06"
"Woody Marks","HST","16","RB","36","24","1","208","0","3","0","1","66.7","2.08","5.78","8.67","9.33","10","5","3","27.8","20.8","100","2","1","5.6","4.2","33.3","196","0","703","0","2","0","3.59","2.59","27","0.14","1","33","2","16.8","100","9","1","4.6","50","0","0","145.1","0.25","0.66"
"Kendall Milton","CIN","1","RB","0","0","0","0","0","0","0","0","0","0","0","0","0","0","0","0","0","0","0","0","0","0","0","0","2","0","2","0","0","0","1","1","0","0","0","0","0","0","0","0","0","0","0","0","0","0.2","0.05","0.1"
"Tank Bigsby","PHI","12","RB","4","3","0","32","0","0","0","1","75","-1.5","8","10.67","13","1","1","0","25","33.3","0","0","0","0","0","0","63","0","356","1","2","0","5.65","3.87","18","0.29","0","18","1","28.6","50","6","1","9.5","50","0","0","53.8","0.39","0.82"
"Keaton Mitchell","BLT","13","RB","12","9","0","63","0","0","0","1","75","-3","5.25","7","9.67","0","0","0","0","0","0","0","0","0","0","0","59","1","341","0","1","0","5.78","3.34","10","0.17","1","14","1","23.7","100","0","0","0","0","0","0","55.4","0.42","0.81"
"Kimani Vidal","LAC","13","RB","20","16","1","136","0","1","0","0","80","-0.7","6.8","8.5","10.56","4","3","1","20","18.8","100","0","0","0","0","0","155","1","643","3","3","1","4.15","3","29","0.19","1","26","2","16.8","66.7","7","2","4.5","66.7","0","0","117.9","0.25","0.69"
"Tahj Brooks","CIN","7","RB","2","1","0","9","0","0","0","0","50","-2","4.5","9","11","0","0","0","0","0","0","0","0","0","0","0","16","0","45","0","0","0","2.81","2","2","0.13","0","0","0","0","0","0","0","0","0","0","0","6.4","0.14","0.38"
"Bijan Robinson","ATL","17","RB","99","79","4","820","2","4","1","3","79.8","0.68","8.28","10.38","10.86","13","9","3","13.1","11.4","75","1","1","1","1.3","25","287","2","1478","5","7","2","5.15","3.95","86","0.3","4","35","5","12.2","71.4","10","3","3.5","42.9","1","1","374.8","0.44","1.02"
"Kendre Miller","NO","7","RB","5","5","0","30","0","0","0","0","100","-1","6","6","7","0","0","0","0","0","0","0","0","0","0","0","47","0","193","0","1","0","4.11","3.6","15","0.32","0","5","1","10.6","100","0","0","0","0","0","0","33.3","0.29","0.64"
"Sean Tucker","TB","15","RB","11","8","0","34","0","1","0","1","72.7","-0.64","3.09","4.25","6","3","1","1","27.3","12.5","100","0","0","0","0","0","86","1","320","1","7","1","3.72","2.44","10","0.12","1","21","6","24.4","85.7","11","4","12.8","57.1","0","0","91.4","0.52","0.97"
"Jahmyr Gibbs","DET","17","RB","92","77","1","616","1","5","0","4","83.7","0.41","6.7","8","8.13","12","10","4","13","13","80","0","0","0","0","0","243","6","1223","3","13","4","5.03","2.95","62","0.26","2","52","9","21.4","69.2","10","4","4.1","30.8","0","0","368.9","0.5","1.15"
"Rasheen Ali","BLT","10","RB","11","9","0","68","0","1","0","1","81.8","0.09","6.18","7.56","9.33","1","1","0","9.1","11.1","0","0","0","0","0","0","7","0","24","0","0","0","3.43","1.71","1","0.14","0","2","0","28.6","0","0","0","0","0","0","0","24.2","0.2","1.51"
"Julius Chestnut","TEN","10","RB","2","0","0","0","0","0","0","0","0","9","0","0","0","0","0","0","0","0","0","0","0","0","0","0","11","0","40","0","0","0","3.64","1.64","0","0","0","4","0","36.4","0","2","0","18.2","0","0","0","4","0.1","0.36"
"Terrell Jennings","NE","5","RB","1","1","0","9","0","0","0","0","100","2","9","9","7","0","0","0","0","0","0","0","0","0","0","0","23","0","73","0","1","0","3.17","2.3","1","0.04","0","4","1","17.4","100","2","1","8.7","100","0","0","15.2","0.4","0.63"
"Jacory Croskey-Merritt","WAS","17","RB","11","9","0","68","0","0","0","0","81.8","-1.36","6.18","7.56","8.78","1","1","0","9.1","11.1","0","0","0","0","0","0","175","2","805","2","8","1","4.6","3.5","35","0.2","4","31","7","17.7","87.5","12","3","6.9","37.5","0","1","144.3","0.36","0.78"
"Tyler Goodson","IND","9","RB","3","2","0","8","0","0","0","0","66.7","-1","2.67","4","5.5","1","0","0","33.3","0","0","0","0","0","0","0","9","0","24","0","0","0","2.67","1.56","1","0.11","0","0","0","0","0","0","0","0","0","0","0","5.2","0.14","0.47"
"Ray Davis","BUF","16","RB","13","10","0","86","0","2","0","1","76.9","0.08","6.62","8.6","10","3","3","2","23.1","30","100","0","0","0","0","0","58","0","275","1","0","0","4.74","2.83","10","0.17","0","7","0","12.1","0","2","0","3.4","0","0","1","58.1","0.35","0.85"
"RJ Harvey","DEN","17","RB","57","47","0","356","0","5","0","4","82.5","0.44","6.25","7.57","7.89","10","8","5","17.5","17","100","1","1","1.8","2.1","20","146","2","540","0","7","1","3.7","2.66","25","0.17","1","28","5","19.2","71.4","9","5","6.2","71.4","0","1","208.6","0.43","1.08"
"Jawhar Jordan","HST","4","RB","7","7","0","34","0","0","0","0","100","-1","4.86","4.86","5.86","0","0","0","0","0","0","0","0","0","0","0","43","1","193","1","0","0","4.49","3.6","11","0.26","0","5","0","11.6","0","1","0","2.3","0","0","0","29.7","0.38","0.59"
"Roschon Johnson","CHI","2","RB","0","0","0","0","0","0","0","0","0","0","0","0","0","0","0","0","0","0","0","0","0","0","0","0","2","0","17","0","0","0","8.5","2.5","0","0","0","0","0","0","0","0","0","0","0","0","0","1.7","0.42","0.85"
"Jacardia Wright","SEA","1","RB","0","0","0","0","0","0","0","0","0","0","0","0","0","0","0","0","0","0","0","0","0","0","0","0","5","0","20","0","0","0","4","2.2","1","0.2","0","0","0","0","0","0","0","0","0","0","0","2","0.4","0.4"
"Josh Williams","TB","2","RB","0","0","0","0","0","0","0","0","0","0","0","0","0","0","0","0","0","0","0","0","0","0","0","0","4","0","11","0","0","0","2.75","2.5","0","0","0","0","0","0","0","0","0","0","0","0","0","1.1","0.14","0.28"
"Eric Gray","NYG","1","RB","0","0","0","0","0","0","0","0","0","0","0","0","0","0","0","0","0","0","0","0","0","0","0","0","0","0","0","0","0","0","0","0","0","0","0","0","0","0","0","0","0","0","0","0","0","0","0",""
"Jaylen Warren","PIT","16","RB","42","40","1","333","0","2","0","1","95.2","-2.64","7.93","8.32","11","5","4","1","11.9","10","50","0","0","0","0","0","211","2","958","2","6","2","4.54","3.09","53","0.25","1","40","4","19","66.7","14","4","6.6","66.7","0","0","217.1","0.44","0.86"
"Rhamondre Stevenson","NE","14","RB","37","32","1","345","0","2","0","1","86.5","4.24","9.32","10.78","8.41","9","6","2","24.3","18.8","100","1","1","2.7","3.1","50","130","1","603","1","7","0","4.64","3.83","33","0.25","3","26","5","20","71.4","11","4","8.5","57.1","2","2","180.8","0.34","1.12"
"Breece Hall","NYJ","16","RB","40","36","2","350","0","1","1","1","90","1","8.75","9.72","9.03","5","2","0","12.5","5.6","0","0","0","0","0","0","243","1","1065","4","4","1","4.38","3.01","40","0.16","2","24","2","9.9","50","4","2","1.6","50","0","0","207.5","0.32","0.74"
"Zach Charbonnet","SEA","16","RB","23","20","0","144","0","0","0","1","87","1.52","6.26","7.2","6.1","3","2","0","13","10","0","0","0","0","0","0","184","0","730","1","12","0","3.97","3.35","45","0.24","0","51","11","27.7","91.7","18","9","9.8","75","1","1","179.4","0.37","0.88"
"Bam Knight","ARZ","10","RB","29","22","0","160","0","1","0","1","75.9","0.66","5.52","7.27","7.09","7","4","1","24.1","18.2","100","1","0","3.4","0","0","82","0","269","0","4","0","3.28","2.62","16","0.2","1","16","4","19.5","100","7","3","8.5","75","0","1","94.9","0.34","0.91"
"Evan Hull","NO","6","RB","1","1","0","6","0","0","0","0","100","-3","6","6","9","0","0","0","0","0","0","0","0","0","0","0","19","0","48","0","0","0","2.53","1.89","0","0","0","3","0","15.8","0","0","0","0","0","0","0","6.4","0.08","0.32"
"Ulysses Bentley IV","IND","1","RB","0","0","0","0","0","0","0","0","0","0","0","0","0","0","0","0","0","0","0","0","0","0","0","0","1","0","0","0","0","0","0","1","0","0","0","0","0","0","0","0","0","0","0","0","0","0","0","0"
"Kenneth Walker III","SEA","17","RB","34","31","1","282","0","0","0","2","91.2","-1.59","8.29","9.1","11","3","3","0","8.8","9.7","0","0","0","0","0","0","221","1","1027","2","5","1","4.65","3","61","0.28","1","34","4","15.4","80","8","3","3.6","60","0","0","191.9","0.39","0.76"
"Tyjae Spears","TEN","13","RB","50","45","0","264","0","0","0","1","90","-2.72","5.28","5.87","8.31","6","6","0","12","13.3","0","0","0","0","0","0","72","1","283","0","2","0","3.93","2.83","13","0.18","0","10","2","13.9","100","2","2","2.8","100","0","0","111.7","0.3","0.95"
"Kyren Williams","LA","17","RB","44","36","0","281","0","3","0","2","81.8","3.02","6.39","7.81","4.39","13","11","3","29.5","30.6","100","0","0","0","0","0","259","0","1252","1","10","0","4.83","3.14","45","0.17","2","53","10","20.5","100","18","8","6.9","80","0","0","267.3","0.35","0.91"
"Craig Reynolds","DET","2","RB","0","0","0","0","0","0","0","0","0","0","0","0","0","0","0","0","0","0","0","0","0","0","0","0","3","0","4","0","0","0","1.33","1","0","0","0","0","0","0","0","0","0","0","0","0","0","0.4","0.1","0.13"
"Dylan Laube","LV","5","RB","3","3","0","18","0","0","0","0","100","-2.33","6","6","8.33","0","0","0","0","0","0","0","0","0","0","0","7","0","9","0","0","0","1.29","1.57","0","0","0","0","0","0","0","0","0","0","0","0","0","5.7","0.21","0.57"
"Jacob Saylors","DET","4","RB","0","0","0","0","0","0","0","0","0","0","0","0","0","0","0","0","0","0","0","0","0","0","0","0","2","0","11","0","0","0","5.5","4","1","0.5","0","0","0","0","0","0","0","0","0","0","0","1.1","0.12","0.55"
"Corey Kiner","ARZ","4","RB","3","2","0","15","0","0","0","1","66.7","4","5","7.5","2.5","1","1","0","33.3","50","0","0","0","0","0","0","12","0","58","0","0","0","4.83","3.08","4","0.33","0","2","0","16.7","0","0","0","0","0","0","0","9.3","0.31","0.66"
"Tyrone Tracy","NYG","15","RB","43","36","1","288","0","2","0","2","83.7","0.53","6.7","8","9.08","5","4","2","11.6","11.1","100","3","2","7","5.6","100","176","0","740","1","2","0","4.2","2.66","25","0.14","1","21","1","11.9","50","2","0","1.1","0","0","0","162.8","0.3","0.77"
"Talanoa Hufanga","DEN","3","RB","0","0","0","0","0","0","0","0","0","0","0","0","0","0","0","0","0","0","0","0","0","0","0","0","0","0","0","0","0","0","0","0","0","0","0","0","0","0","0","0","0","0","0","0","0","0","0",""
"Isiah Pacheco","KC","13","RB","26","19","0","101","0","1","0","4","73.1","-1.15","3.88","5.32","6.42","3","2","1","11.5","10.5","100","0","0","0","0","0","118","0","462","0","1","0","3.92","2.75","13","0.11","0","20","1","16.9","100","0","0","0","0","0","0","87.3","0.21","0.64"
"Tyler Badie","DEN","16","RB","28","19","0","141","0","0","0","4","67.9","-1.11","5.04","7.42","10.84","2","1","0","7.1","5.3","0","1","0","3.6","0","0","8","0","23","0","0","0","2.88","2.38","1","0.13","0","2","0","25","0","1","0","12.5","0","0","0","35.4","0.18","1.31"
"Hassan Haskins","LAC","10","RB","4","4","0","13","0","0","0","0","100","-1","3.25","3.25","4.25","0","0","0","0","0","0","0","0","0","0","0","17","0","47","0","0","0","2.76","2.88","1","0.06","0","2","0","11.8","0","0","0","0","0","0","0","10","0.12","0.48"
"Chris Rodriguez Jr.","WAS","13","RB","4","3","0","30","0","0","0","0","75","3.75","7.5","10","9.33","1","0","0","25","0","0","0","0","0","0","0","112","1","500","0","6","0","4.46","3.46","23","0.21","0","33","6","29.5","100","14","5","12.5","83.3","0","0","92","0.36","0.8"
"James Cook","BUF","17","RB","39","33","1","291","0","2","0","2","84.6","1.18","7.46","8.82","8.24","4","3","2","10.3","9.1","100","0","0","0","0","0","309","4","1621","9","12","4","5.25","3.16","62","0.2","6","56","7","18.1","58.3","16","6","5.2","50","0","0","308.2","0.48","0.9"
"Zamir White","LV","5","RB","6","4","0","24","0","0","0","0","66.7","-1.5","4","6","7","0","0","0","0","0","0","0","0","0","0","0","12","0","32","0","0","0","2.67","2.25","2","0.17","0","0","0","0","0","0","0","0","0","0","0","9.6","0.15","0.6"
"Dameon Pierce","KC","3","RB","1","0","0","0","0","0","0","1","0","-5","0","0","0","0","0","0","0","0","0","0","0","0","0","0","14","0","36","0","0","0","2.57","2.21","2","0.14","0","1","0","7.1","0","0","0","0","0","0","0","3.6","0.13","0.26"
"Chris Brooks","GB","17","RB","17","13","0","91","0","0","0","2","76.5","0.29","5.35","7","7.85","3","1","0","17.6","7.7","0","0","0","0","0","0","27","0","106","0","0","0","3.93","3.15","6","0.22","0","3","0","11.1","0","0","0","0","0","0","0","32.7","0.16","0.82"
"Tyler Allgeier","ATL","17","RB","16","14","0","96","0","0","0","1","87.5","-1.88","6","6.86","8.57","1","1","0","6.3","7.1","0","0","0","0","0","0","143","0","514","0","8","0","3.59","2.92","26","0.18","0","32","7","22.4","87.5","10","5","7","62.5","0","0","123","0.38","0.78"
"Jerome Ford","CLV","13","RB","30","26","0","103","0","0","0","3","86.7","-1.6","3.43","3.96","5.88","4","3","0","13.3","11.5","0","0","0","0","0","0","24","0","73","0","0","0","3.04","2.75","2","0.08","0","4","0","16.7","0","3","0","12.5","0","0","0","43.6","0.16","0.87"
"Antonio Gibson","NE","5","RB","3","2","0","6","0","0","0","0","66.7","-1.67","2","3","8","0","0","0","0","0","0","0","0","0","0","0","25","0","106","0","1","0","4.24","2.76","1","0.04","1","4","1","16","100","2","1","8","100","0","0","19.2","0.37","0.71"
"Javonte Williams","DAL","16","RB","46","35","0","137","0","2","0","1","76.1","-1.09","2.98","3.91","5.8","10","7","2","21.7","20","100","1","0","2.2","0","0","252","1","1201","2","11","0","4.77","3.56","54","0.21","2","54","10","21.4","90.9","20","10","7.9","90.9","0","0","246.8","0.32","0.86"
"Chase Brown","CIN","17","RB","86","69","0","437","0","5","0","4","80.2","0.59","5.08","6.33","6.55","14","9","5","16.3","13","100","3","2","3.5","2.9","40","232","0","1019","3","6","0","4.39","3.06","46","0.2","2","36","6","15.5","100","12","4","5.2","66.7","1","2","280.6","0.38","0.93"
"Emari Demercado","ARZ","12","RB","18","13","0","101","0","1","0","2","72.2","1.17","5.61","7.77","6.54","4","3","1","22.2","23.1","100","0","0","0","0","0","44","2","312","0","0","0","7.09","5.52","7","0.16","1","5","0","11.4","0","0","0","0","0","0","0","60.3","0.31","1.06"
"Jaret Patterson","LAC","6","RB","4","3","0","8","0","0","0","0","75","-0.75","2","2.67","3.33","0","0","0","0","0","0","0","0","0","0","0","41","0","159","0","1","0","3.88","3.32","11","0.27","0","6","1","14.6","100","2","1","4.9","100","0","0","25.7","0.22","0.58"
"Kenneth Gainwell","PIT","17","RB","81","73","1","486","0","3","1","2","90.1","-0.27","6","6.66","7.3","16","14","3","19.8","19.2","100","1","0","1.2","0","0","114","1","537","0","5","0","4.71","3.18","22","0.19","2","23","5","20.2","100","9","4","7.9","80","0","0","223.3","0.43","1.19"
"George Holani","SEA","4","RB","2","2","0","15","0","0","0","0","100","-1","7.5","7.5","8.5","0","0","0","0","0","0","0","0","0","0","0","22","0","73","0","1","0","3.32","2.77","5","0.23","1","5","1","22.7","100","0","0","0","0","0","0","16.8","0.47","0.7"
"Jordan Mason","MIN","16","RB","15","14","0","51","0","0","0","0","93.3","-3.67","3.4","3.64","7.43","1","1","0","6.7","7.1","0","0","0","0","0","0","159","0","758","1","6","0","4.77","3.41","31","0.19","3","29","6","18.2","100","7","4","4.4","66.7","0","0","130.9","0.32","0.76"
"Ty Chandler","MIN","2","RB","4","3","0","11","0","0","0","0","75","-5","2.75","3.67","9","1","0","0","25","0","0","0","0","0","0","0","17","0","47","0","0","0","2.76","2.82","1","0.06","0","1","0","5.9","0","1","0","5.9","0","0","0","8.8","0.21","0.44"
"Jonathan Taylor","IND","17","RB","54","46","1","378","0","2","0","4","85.2","-0.72","7","8.22","9.48","4","4","1","7.4","8.7","50","0","0","0","0","0","323","4","1585","5","18","3","4.91","3.52","67","0.21","2","70","14","21.7","77.8","23","9","7.1","50","1","1","362.3","0.41","0.98"
"Owen Wright","TB","3","RB","0","0","0","0","0","0","0","0","0","0","0","0","0","0","0","0","0","0","0","0","0","0","0","0","3","0","6","0","0","0","2","0.67","0","0","0","0","0","0","0","0","0","0","0","0","0","0.6","0.09","0.2"
"Chuba Hubbard","CAR","15","RB","36","30","0","223","0","3","0","4","83.3","-1.31","6.19","7.43","9.83","5","3","1","13.9","10","33.3","0","0","0","0","0","134","0","511","0","1","0","3.81","2.39","13","0.1","1","18","1","13.4","100","1","1","0.7","100","0","1","127.4","0.29","0.78"
"Trey Sermon","PIT","1","RB","0","0","0","0","0","0","0","0","0","0","0","0","0","0","0","0","0","0","0","0","0","0","0","0","0","0","0","0","0","0","0","0","0","0","0","0","0","0","0","0","0","0","0","0","0","0","0",""
"J.K. Dobbins","DEN","10","RB","14","11","0","37","0","0","0","2","78.6","-2.29","2.64","3.36","5.09","0","0","0","0","0","0","0","0","0","0","0","153","1","772","2","4","0","5.05","3.18","32","0.21","0","20","4","13.1","100","7","2","4.6","50","0","0","115.9","0.34","0.71"
"Michael Carter","ARZ","13","RB","42","33","0","267","0","0","0","2","78.6","1.9","6.36","8.09","7.85","7","4","0","16.7","12.1","0","0","0","0","0","0","92","0","333","0","1","0","3.62","2.36","9","0.1","0","8","1","8.7","100","3","1","3.3","100","0","0","99","0.25","0.79"
"Clyde Edwards-Helaire","KC","2","RB","2","2","0","9","0","0","0","0","100","-2.5","4.5","4.5","7","0","0","0","0","0","0","0","0","0","0","0","7","0","13","0","0","0","1.86","2.14","1","0.14","0","0","0","0","0","0","0","0","0","0","0","4.2","0.22","0.47"
"Elijah Mitchell","KC","1","RB","1","0","0","0","0","0","0","0","0","24","0","0","0","1","0","0","100","0","0","1","0","100","0","0","0","0","0","0","0","0","0","0","0","0","0","0","0","0","0","0","0","0","0","0","0","0","0",""
"D'Andre Swift","CHI","16","RB","45","34","2","299","0","1","1","3","75.6","-0.87","6.64","8.79","10.79","0","0","0","0","0","0","0","0","0","0","0","223","0","1087","3","9","0","4.87","3.01","39","0.17","2","40","8","17.9","88.9","14","5","6.3","55.6","0","0","232.6","0.37","0.91"
"Ronnie Rivers","LA","4","RB","0","0","0","0","0","0","0","0","0","0","0","0","0","0","0","0","0","0","0","0","0","0","0","0","9","0","46","0","0","0","5.11","3","1","0.11","0","0","0","0","0","0","0","0","0","0","0","4.6","0.24","0.51"
"Cam Akers","SEA","3","RB","1","0","0","0","0","0","0","1","0","-6","0","0","0","0","0","0","0","0","0","0","0","0","0","0","5","0","19","0","0","0","3.8","4.8","0","0","0","0","0","0","0","0","0","0","0","0","0","1.9","0.21","0.38"
"Malik Davis","DAL","9","RB","5","2","0","16","0","0","0","1","40","3.6","3.2","8","3","0","0","0","0","0","0","0","0","0","0","0","52","1","250","1","2","1","4.81","3.29","6","0.12","0","8","1","15.4","50","2","1","3.8","50","0","0","40.6","0.26","0.75"
"Travis Etienne Jr.","JAX","17","RB","47","36","1","292","0","6","1","4","76.6","-1.36","6.21","8.11","9.42","8","7","5","17","19.4","83.3","1","1","2.1","2.8","16.7","260","3","1107","2","7","1","4.26","3.04","46","0.18","1","54","5","20.8","71.4","12","2","4.6","28.6","0","0","253.9","0.37","0.86"
"AJ Dillon","PHI","7","RB","3","3","0","21","0","0","0","0","100","4","7","7","3","1","1","0","33.3","33.3","0","0","0","0","0","0","12","0","60","0","0","0","5","3.33","2","0.17","1","2","0","16.7","0","0","0","0","0","0","0","11.1","0.22","0.74"
"Najee Harris","LAC","3","RB","3","3","0","25","0","0","0","0","100","3.33","8.33","8.33","5","0","0","0","0","0","0","0","0","0","0","0","15","0","61","0","0","0","4.07","3.67","2","0.13","0","1","0","6.7","0","0","0","0","0","0","0","11.6","0.27","0.64"
"Brian Robinson","SF","17","RB","12","8","0","25","0","0","0","0","66.7","0","2.08","3.13","4.25","4","3","0","33.3","37.5","0","0","0","0","0","0","92","0","400","0","2","0","4.35","3.1","22","0.24","0","13","2","14.1","100","2","1","2.2","50","0","0","62.5","0.33","0.63"
"DeeJay Dallas","JAX","3","RB","1","0","0","0","0","0","0","1","0","-1","0","0","0","0","0","0","0","0","0","0","0","0","0","0","3","0","21","0","0","0","7","2","0","0","0","1","0","33.3","0","0","0","0","0","0","0","2.1","0.08","0.7"
"Zavier Scott","MIN","9","RB","15","14","0","98","0","1","0","0","93.3","0.27","6.53","7","7.64","3","3","1","20","21.4","100","1","1","6.7","7.1","100","32","0","114","0","0","0","3.56","2.97","5","0.16","2","3","0","9.4","0","1","0","3.1","0","0","0","41.2","0.39","0.9"
"Nyheim Miller-Hines","NO","4","RB","0","0","0","0","0","0","0","0","0","0","0","0","0","0","0","0","0","0","0","0","0","0","0","0","2","0","-2","0","0","0","-1","1","0","0","0","0","0","0","0","0","0","0","0","0","0","-0.2","-0.03","-0.1"
"Josh Jacobs","GB","15","RB","43","36","0","282","0","1","0","0","83.7","-0.88","6.56","7.83","8.56","6","5","1","14","13.9","100","1","1","2.3","2.8","100","234","1","929","0","13","1","3.97","3.06","47","0.2","2","52","12","22.2","92.3","20","8","8.5","61.5","0","0","241.1","0.44","0.89"
"Myles Gaskin","SEA","1","RB","0","0","0","0","0","0","0","0","0","0","0","0","0","0","0","0","0","0","0","0","0","0","0","0","3","0","6","0","0","0","2","2","0","0","0","0","0","0","0","0","0","0","0","0","0","0.6","0.2","0.2"
"Justice Hill","BLT","10","RB","27","21","0","169","0","1","0","1","77.8","-0.48","6.26","8.05","9","1","1","1","3.7","4.8","100","0","0","0","0","0","18","1","93","0","2","1","5.17","4.89","2","0.11","1","3","1","16.7","50","1","1","5.6","50","0","0","65.2","0.3","1.67"
"Travis Homer","CHI","2","RB","0","0","0","0","0","0","0","0","0","0","0","0","0","0","0","0","0","0","0","0","0","0","0","0","1","0","-2","0","0","0","-2","4","0","0","0","0","0","0","0","0","0","0","0","0","0","-0.2","-0.03","-0.2"
"Chase Edmonds","WAS","1","RB","0","0","0","0","0","0","0","0","0","0","0","0","0","0","0","0","0","0","0","0","0","0","0","0","0","0","0","0","0","0","0","0","0","0","0","0","0","0","0","0","0","0","0","0","0","0","0",""
"Saquon Barkley","PHI","16","RB","48","37","2","273","0","2","1","3","77.1","0.71","5.69","7.38","8.11","8","5","1","16.7","13.5","50","1","0","2.1","0","0","280","3","1140","3","7","2","4.07","2.71","52","0.19","1","43","5","15.4","71.4","14","1","5","14.3","1","2","232.3","0.3","0.73"
"Nick Chubb","HST","15","RB","18","13","0","67","0","0","0","1","72.2","1","3.72","5.15","4.85","3","2","0","16.7","15.4","0","0","0","0","0","0","122","0","506","0","3","0","4.15","2.69","25","0.2","0","13","1","10.7","33.3","6","1","4.9","33.3","0","0","88.3","0.27","0.65"
"Trayveon Williams","CLV","5","RB","8","8","0","55","0","0","0","0","100","-3.75","6.88","6.88","10.63","1","1","0","12.5","12.5","0","0","0","0","0","0","10","0","36","0","0","0","3.6","3.2","3","0.3","0","0","0","0","0","0","0","0","0","0","0","17.1","0.21","0.95"
"Ty Johnson","BUF","17","RB","31","24","1","263","0","2","1","2","77.4","-1.23","8.48","10.96","12.92","5","3","1","16.1","12.5","50","1","0","3.2","0","0","50","0","200","0","3","0","4","2.28","6","0.12","1","19","3","38","100","6","2","12","66.7","0","0","100.3","0.3","1.36"
"D'Ernest Johnson","NE","6","RB","0","0","0","0","0","0","0","0","0","0","0","0","0","0","0","0","0","0","0","0","0","0","0","0","14","0","25","0","0","0","1.79","2.14","1","0.07","0","1","0","7.1","0","1","0","7.1","0","0","0","2.5","0.05","0.18"
"David Montgomery","DET","17","RB","26","24","0","192","0","0","0","0","92.3","0.08","7.38","8","8.38","2","1","0","7.7","4.2","0","0","0","0","0","0","158","1","716","1","8","0","4.53","3.17","29","0.18","2","34","6","21.5","75","16","5","10.1","62.5","1","1","162.8","0.4","0.89"
"Khalil Herbert","NYJ","3","RB","3","1","0","4","0","0","0","1","33.3","-4.33","1.33","4","9","0","0","0","0","0","0","0","0","0","0","0","16","0","52","0","0","0","3.25","2.31","2","0.13","0","3","0","18.8","0","0","0","0","0","0","0","6.6","0.13","0.39"
"Rico Dowdle","CAR","17","RB","46","39","0","297","0","1","0","2","84.8","-1.17","6.46","7.62","8.97","4","3","1","8.7","7.7","100","1","0","2.2","0","0","236","2","1076","3","6","0","4.56","3.15","34","0.14","2","34","6","14.4","100","8","6","3.4","100","0","1","218.3","0.37","0.79"
"Velus Jones Jr.","SEA","4","RB","0","0","0","0","0","0","0","0","0","0","0","0","0","0","0","0","0","0","0","0","0","0","0","0","4","0","32","0","0","0","8","1.75","0","0","0","0","0","0","0","0","0","0","0","0","0","3.2","0.36","0.8"
"Miles Sanders","DAL","4","RB","8","8","0","30","0","0","0","0","100","-1.63","3.75","3.75","5.38","1","1","0","12.5","12.5","0","0","0","0","0","0","20","1","117","0","1","0","5.85","3","3","0.15","1","6","1","30","100","1","1","5","100","0","0","28.7","0.44","1.02"
"Kene Nwangwu","NYJ","4","RB","1","0","0","0","0","0","0","0","0","-6","0","0","0","0","0","0","0","0","0","0","0","0","0","0","13","0","49","0","0","0","3.77","2.85","2","0.15","0","3","0","23.1","0","2","0","15.4","0","0","0","4.9","0.16","0.38"
"Devin Singletary","NYG","17","RB","19","18","1","151","0","0","0","1","94.7","-0.79","7.95","8.39","9.11","3","3","0","15.8","16.7","0","0","0","0","0","0","119","0","437","0","5","0","3.67","2.42","17","0.14","0","22","4","18.5","80","10","3","8.4","60","1","1","106.8","0.34","0.78"
"Brittain Brown","CHI","2","RB","1","0","0","0","0","0","0","0","0","4","0","0","0","0","0","0","0","0","0","0","0","0","0","0","5","0","37","0","1","0","7.4","5.2","3","0.6","0","0","0","0","0","0","0","0","0","0","0","9.7","0.65","1.94"
"Jeff Wilson Jr.","MIA","2","RB","0","0","0","0","0","0","0","0","0","0","0","0","0","0","0","0","0","0","0","0","0","0","0","0","0","0","0","0","0","0","0","0","0","0","0","0","0","0","0","0","0","0","0","0","0","0","0",""
"Tony Pollard","TEN","17","RB","39","33","0","206","0","0","0","3","84.6","-0.08","5.28","6.24","6.39","1","0","0","2.6","0","0","0","0","0","0","0","242","1","1082","3","5","1","4.47","3.21","39","0.16","4","19","3","7.9","60","4","2","1.7","40","0","0","191.8","0.29","0.7"
"Dare Ogunbowale","HST","16","RB","13","10","0","76","0","0","0","1","76.9","1.69","5.85","7.6","5.7","4","3","0","30.8","30","0","0","0","0","0","0","11","0","25","0","1","0","2.27","2.36","1","0.09","1","6","1","54.5","100","3","1","27.3","100","0","0","26.1","0.2","1.24"
"Austin Ekeler","WAS","2","RB","7","5","0","38","0","0","0","0","71.4","1.43","5.43","7.6","10","1","0","0","14.3","0","0","0","0","0","0","0","14","0","43","0","0","0","3.07","2.36","0","0","0","2","0","14.3","0","0","0","0","0","0","0","13.1","0.19","0.69"
"Aaron Jones","MIN","12","RB","37","28","0","199","0","1","0","3","75.7","-0.14","5.38","7.11","7.93","5","3","1","13.5","10.7","100","0","0","0","0","0","132","0","548","0","2","0","4.15","2.67","12","0.09","2","14","2","10.6","100","3","2","2.3","100","0","0","120.7","0.33","0.75"
"Jeremy McNichols","WAS","17","RB","31","25","0","196","0","0","0","1","80.6","-0.71","6.32","7.84","8.88","2","2","0","6.5","8","0","0","0","0","0","0","44","1","221","0","1","1","5.02","4.18","11","0.25","1","5","0","11.4","0","1","0","2.3","0","1","1","72.7","0.22","1.05"
"Samaje Perine","CIN","15","RB","20","17","0","87","0","0","0","1","85","-1.55","4.35","5.12","6.53","1","1","0","5","5.9","0","0","0","0","0","0","84","0","382","0","3","0","4.55","3.23","17","0.2","3","16","2","19","66.7","4","2","4.8","66.7","0","0","81.9","0.24","0.81"
"James Conner","ARZ","3","RB","9","8","0","38","0","1","0","0","88.9","-0.78","4.22","4.75","8.75","2","1","1","22.2","12.5","100","1","0","11.1","0","0","32","0","95","0","1","0","2.97","2.16","8","0.25","1","5","1","15.6","100","3","1","9.4","100","0","0","33.3","0.36","0.83"
"Kareem Hunt","KC","17","RB","24","18","0","143","0","1","0","1","75","0.04","5.96","7.94","8.61","5","3","1","20.8","16.7","100","1","1","4.2","5.6","100","163","0","611","1","8","0","3.75","2.67","27","0.17","2","38","8","23.3","100","15","8","9.2","100","0","0","147.4","0.28","0.81"
"Alvin Kamara","NO","11","RB","39","33","0","186","0","0","0","3","84.6","0.85","4.77","5.64","6.09","7","5","0","17.9","15.2","0","0","0","0","0","0","131","0","471","0","1","0","3.6","2.56","19","0.15","3","15","1","11.5","100","2","0","1.5","0","0","0","104.7","0.23","0.64"
"Christian McCaffrey","SF","17","RB","121","102","0","924","0","7","0","5","84.3","2.74","7.64","9.06","6.94","29","22","7","24","21.6","100","4","4","3.3","3.9","57.1","311","1","1202","4","10","0","3.86","2.76","47","0.15","2","75","10","24.1","100","20","9","6.4","90","0","0","416.6","0.45","1.01"
"Derrick Henry","BLT","17","RB","19","15","1","150","0","0","0","1","78.9","0.89","7.89","10","9.27","3","3","0","15.8","20","0","0","0","0","0","0","307","4","1595","8","16","1","5.2","3.59","43","0.14","4","63","10","20.5","62.5","27","10","8.8","62.5","0","0","285.5","0.51","0.89"
"Jalen Ramsey","PIT","6","RB","0","0","0","0","0","0","0","0","0","0","0","0","0","0","0","0","0","0","0","0","0","0","0","0","0","0","0","0","0","0","0","0","0","0","0","0","0","0","0","0","0","0","0","0","0","0","0",""
"Raheem Mostert","LV","12","RB","12","12","0","70","0","0","0","0","100","-1.33","5.83","5.83","7.17","1","1","0","8.3","8.3","0","0","0","0","0","0","22","0","104","0","0","0","4.73","3.59","2","0.09","0","4","0","18.2","0","0","0","0","0","0","0","29.4","0.21","0.86"
"Ameer Abdullah","IND","13","RB","17","16","0","99","0","0","0","0","94.1","-0.41","5.82","6.19","6.63","1","1","0","5.9","6.3","0","0","0","0","0","0","14","0","60","0","1","0","4.29","3.5","4","0.29","0","3","1","21.4","100","1","1","7.1","100","0","0","37.9","0.44","1.26"
"Robbie Ouzts","SEA","12","RB","0","0","0","0","0","0","0","0","0","0","0","0","0","0","0","0","0","0","0","0","0","0","0","0","0","0","0","0","0","0","0","0","0","0","0","0","0","0","0","0","0","0","0","0","0","0","0",""
"Adin Huntington","CLV","9","RB","0","0","0","0","0","0","0","0","0","0","0","0","0","0","0","0","0","0","0","0","0","0","0","0","0","0","0","0","0","0","0","0","0","0","0","0","0","0","0","0","0","0","0","0","0","0","0",""
"Elijah Chatman","NYG","2","RB","0","0","0","0","0","0","0","0","0","0","0","0","0","0","0","0","0","0","0","0","0","0","0","0","0","0","0","0","0","0","0","0","0","0","0","0","0","0","0","0","0","0","0","0","0","0","0",""
"Daniel Hardy","CHI","2","RB","0","0","0","0","0","0","0","0","0","0","0","0","0","0","0","0","0","0","0","0","0","0","0","0","0","0","0","0","0","0","0","0","0","0","0","0","0","0","0","0","0","0","0","0","0","0","0",""
"Hunter Luepke","DAL","17","RB","15","13","0","109","0","1","0","1","86.7","0.13","7.27","8.38","8.77","3","3","1","20","23.1","100","0","0","0","0","0","16","0","71","0","0","0","4.44","2.81","1","0.06","0","1","0","6.3","0","0","0","0","0","0","0","37","0.15","1.28"
"Jack Westover","NE","17","RB","2","1","0","0","0","0","0","1","50","1.5","0","0","0","0","0","0","0","0","0","0","0","0","0","0","0","0","0","0","0","0","0","0","0","0","0","0","0","0","0","0","0","0","0","0","0","1","0","1"
"Tommy Togiai","HST","1","RB","0","0","0","0","0","0","0","0","0","0","0","0","0","0","0","0","0","0","0","0","0","0","0","0","0","0","0","0","0","0","0","0","0","0","0","0","0","0","0","0","0","0","0","0","0","0","0",""
"Scott Matlock","LAC","16","RB","4","4","0","12","0","1","0","0","100","-0.5","3","3","3.5","1","1","1","25","25","100","0","0","0","0","0","0","0","0","0","0","0","0","0","0","0","0","0","0","0","0","0","0","0","0","0","0","11.2","0.03","2.8"
"British Brooks","HST","12","RB","0","0","0","0","0","0","0","0","0","0","0","0","0","0","0","0","0","0","0","0","0","0","0","0","17","0","78","0","0","0","4.59","3.71","3","0.18","0","2","0","11.8","0","2","0","11.8","0","0","0","7.8","0.11","0.46"
"Easton Mascarenas-Arnold","CLV","2","RB","0","0","0","0","0","0","0","0","0","0","0","0","0","0","0","0","0","0","0","0","0","0","0","0","0","0","0","0","0","0","0","0","0","0","0","0","0","0","0","0","0","0","0","0","0","0","0",""
"Brady Russell","SEA","12","RB","1","0","0","0","0","0","0","1","0","0","0","0","0","0","0","0","0","0","0","0","0","0","0","0","0","0","0","0","0","0","0","0","0","0","0","0","0","0","0","0","0","0","0","0","0","0","0",""
"Khyiris Tonga","NE","5","RB","0","0","0","0","0","0","0","0","0","0","0","0","0","0","0","0","0","0","0","0","0","0","0","0","0","0","0","0","0","0","0","0","0","0","0","0","0","0","0","0","0","0","0","0","0","0","0",""
"Vita Vea","TB","2","RB","0","0","0","0","0","0","0","0","0","0","0","0","0","0","0","0","0","0","0","0","0","0","0","0","0","0","0","0","0","0","0","0","0","0","0","0","0","0","0","0","0","0","0","0","0","0","0",""
"Patrick Ricard","BLT","11","RB","1","1","0","8","0","0","0","0","100","5","8","8","3","0","0","0","0","0","0","0","0","0","0","0","1","0","3","0","0","0","3","0","0","0","0","0","0","0","0","0","0","0","0","0","0","2.1","0.01","1.05"
"Andrew Beck","NYJ","17","RB","9","6","0","45","0","2","0","1","66.7","4.67","5","7.5","3.33","2","2","2","22.2","33.3","100","2","2","22.2","33.3","100","1","0","5","0","0","0","5","2","0","0","0","1","0","100","0","0","0","0","0","0","0","23","0.21","3.29"
"Jeffery Simmons","TEN","1","RB","1","1","0","1","0","1","0","0","100","9","1","1","0","1","1","1","100","100","100","1","1","100","100","100","0","0","0","0","0","0","0","0","0","0","0","0","0","0","0","0","0","0","0","0","0","7.1","3.55","7.1"
"Reggie Gilliam","BUF","17","RB","2","2","0","24","0","0","0","0","100","11","12","12","1","1","1","0","50","50","0","0","0","0","0","0","2","0","4","0","0","0","2","1.5","0","0","0","1","0","50","0","1","0","50","0","0","1","4.8","0.02","1.2"
"Adam Prentice","DEN","17","RB","7","6","0","53","0","0","0","1","85.7","2","7.57","8.83","7.33","2","1","0","28.6","16.7","0","0","0","0","0","0","10","0","44","0","0","0","4.4","2.6","1","0.1","0","2","0","20","0","1","0","10","0","0","0","15.7","0.07","0.98"
"Alec Ingold","MIA","17","RB","11","8","0","52","0","0","0","1","72.7","3.73","4.73","6.5","5.63","0","0","0","0","0","0","0","0","0","0","0","2","0","9","0","0","0","4.5","3.5","1","0.5","0","1","0","50","0","0","0","0","0","0","0","14.1","0.04","1.41"
"Jakob Johnson","HST","7","RB","0","0","0","0","0","0","0","0","0","0","0","0","0","0","0","0","0","0","0","0","0","0","0","0","0","0","0","0","0","0","0","0","0","0","0","0","0","0","0","0","0","0","0","0","0","0","0",""
"C.J. Ham","MIN","11","RB","2","2","0","11","0","0","0","0","100","2","5.5","5.5","3.5","0","0","0","0","0","0","0","0","0","0","0","3","0","5","0","2","0","1.67","1.33","0","0","0","2","2","66.7","100","2","2","66.7","100","0","0","15.6","0.08","3.12"
"Kyle Juszczyk","SF","17","RB","28","24","0","213","0","2","0","0","85.7","4.32","7.61","8.88","4.63","8","8","2","28.6","33.3","100","2","2","7.1","8.3","100","2","0","-3","0","0","0","-1.5","0.5","0","0","0","1","0","50","0","1","0","50","0","0","0","57","0.11","2.19"
"Cameron Heyward","PIT","1","RB","0","0","0","0","0","0","0","0","0","0","0","0","0","0","0","0","0","0","0","0","0","0","0","0","0","0","0","0","0","0","0","0","0","0","0","0","0","0","0","0","0","0","0","0","0","0","0",""
"Carter Runyon","LV","10","TE","1","1","0","3","0","0","0","0","100","-3","3","3","6","0","0","0","0","0","0","0","0","0","0","0","0","0","0","0","0","0","0","0","0","0","0","0","0","0","0","0","0","0","0","0","0","1.3","0.03","1.3"
"Harold Fannin Jr.","CLV","16","TE","103","72","0","731","1","6","0","5","69.9","5.99","7.1","10.15","4.99","14","11","6","13.6","15.3","100","1","1","1","1.4","16.7","7","0","13","0","1","0","1.86","1.29","4","0.57","1","2","1","28.6","100","1","1","14.3","100","0","1","188.4","0.24","2.38"
"Mason Taylor","NYJ","13","TE","62","44","0","369","0","1","0","5","71","5.82","5.95","8.39","3.09","9","7","1","14.5","15.9","100","2","1","3.2","2.3","100","0","0","0","0","0","0","0","0","0","0","0","0","0","0","0","0","0","0","0","1","1","86.9","0.13","1.98"
"Brock Bowers","LV","12","TE","83","64","0","680","2","7","0","3","77.1","7.49","8.19","10.63","4.63","22","13","7","26.5","20.3","100","13","6","15.7","9.4","85.7","2","0","2","0","0","0","1","1.5","0","0","0","0","0","0","0","0","0","0","0","1","1","174.2","0.29","2.64"
"Moliki Matavao","NO","6","TE","2","2","0","10","0","0","0","0","100","2.5","5","5","2.5","0","0","0","0","0","0","0","0","0","0","0","0","0","0","0","0","0","0","0","0","0","0","0","0","0","0","0","0","0","0","0","0","3","0.04","1.5"
"CJ Dippre","NE","2","TE","0","0","0","0","0","0","0","0","0","0","0","0","0","0","0","0","0","0","0","0","0","0","0","0","0","0","0","0","0","0","0","0","0","0","0","0","0","0","0","0","0","0","0","0","0","0","0",""
"Elijah Arroyo","SEA","13","TE","24","15","0","179","0","1","0","0","62.5","8.96","7.46","11.93","4.4","6","4","1","25","26.7","100","1","0","4.2","0","0","0","0","0","0","0","0","0","0","0","0","1","0","0","0","0","0","0","0","0","0","0","38.9","0.12","2.59"
"Shane Zylstra","DET","5","TE","5","3","0","20","0","0","0","0","60","8.2","4","6.67","0.67","1","0","0","20","0","0","1","0","20","0","0","0","0","0","0","0","0","0","0","0","0","0","0","0","0","0","0","0","0","0","0","0","5","0.03","1.67"
"Tyler Warren","IND","17","TE","106","76","1","817","0","4","0","5","71.7","5.86","7.71","10.75","6.41","26","14","4","24.5","18.4","100","7","2","6.6","2.6","50","6","0","8","0","1","0","1.33","1.83","0","0","1","4","1","66.7","100","3","1","50","100","0","3","188.5","0.21","2.3"
"Tip Reiman","ARZ","4","TE","5","3","0","18","0","0","0","1","60","4.8","3.6","6","3","1","0","0","20","0","0","0","0","0","0","0","0","0","0","0","0","0","0","0","0","0","0","0","0","0","0","0","0","0","0","0","0","4.8","0.05","1.6"
"Darnell Washington","PIT","16","TE","43","31","0","364","0","1","0","4","72.1","5.3","8.47","11.74","7.35","11","6","1","25.6","19.4","100","2","1","4.7","3.2","100","0","0","0","0","0","0","0","0","0","0","2","0","0","0","0","0","0","0","0","1","2","73.4","0.13","2.37"
"Ben Sinnott","WAS","16","TE","14","11","0","114","0","1","0","0","78.6","7.43","8.14","10.36","5.73","1","1","1","7.1","9.1","100","0","0","0","0","0","0","0","0","0","0","0","0","0","0","0","0","0","0","0","0","0","0","0","0","0","0","28.4","0.08","2.58"
"Jackson Hawes","BUF","17","TE","19","16","0","187","0","3","0","1","84.2","7.21","9.84","11.69","5.75","5","5","3","26.3","31.3","100","2","2","10.5","12.5","66.7","0","0","0","0","0","0","0","0","0","0","0","0","0","0","0","0","0","0","0","0","0","52.7","0.11","3.29"
"Sam LaPorta","DET","9","TE","45","40","1","489","0","3","1","0","88.9","5.69","10.87","12.22","6.83","8","7","3","17.8","17.5","100","1","1","2.2","2.5","33.3","0","0","0","0","0","0","0","0","0","0","0","0","0","0","0","0","0","0","0","0","0","106.9","0.21","2.67"
"Hayden Rucci","DET","4","TE","0","0","0","0","0","0","0","0","0","0","0","0","0","0","0","0","0","0","0","0","0","0","0","0","0","0","0","0","0","0","0","0","0","0","0","0","0","0","0","0","0","0","0","0","0","0","0",""
"Davis Allen","LA","17","TE","33","24","0","208","0","3","0","2","72.7","4.61","6.3","8.67","5.79","9","6","3","27.3","25","100","3","2","9.1","8.3","66.7","0","0","0","0","0","0","0","0","0","0","0","0","0","0","0","0","0","0","0","0","0","62.8","0.11","2.62"
"Jared Wiley","KC","4","TE","1","1","0","4","0","0","0","0","100","-4","4","4","8","0","0","0","0","0","0","0","0","0","0","0","0","0","0","0","0","0","0","0","0","0","0","0","0","0","0","0","0","0","0","0","0","1.4","0.05","1.4"
"Stephen Carlson","CHI","2","TE","0","0","0","0","0","0","0","0","0","0","0","0","0","0","0","0","0","0","0","0","0","0","0","0","0","0","0","0","0","0","0","0","0","0","0","0","0","0","0","0","0","0","0","0","0","0","0",""
"Devin Culp","TB","10","TE","1","1","0","6","0","1","0","0","100","12","6","6","0","1","1","1","100","100","100","1","1","100","100","100","0","0","0","0","0","0","0","0","0","0","0","0","0","0","0","0","0","0","0","0","0","7.6","0.14","7.6"
"Greg Dulcich","MIA","10","TE","31","26","0","335","0","1","0","0","83.9","5.58","10.81","12.88","7.54","6","4","1","19.4","15.4","100","1","1","3.2","3.8","100","1","0","-7","0","0","0","-7","0","0","0","1","1","0","100","0","1","0","100","0","0","1","64.8","0.26","2.4"
"Daniel Bellinger","NYG","16","TE","26","19","1","286","0","2","1","1","73.1","9.27","11","15.05","7.05","7","5","1","26.9","26.3","50","2","0","7.7","0","0","0","0","0","0","0","0","0","0","0","0","0","0","0","0","0","0","0","0","0","0","0","59.6","0.11","3.14"
"Payne Durham","TB","17","TE","3","1","0","11","0","0","0","1","33.3","5.67","3.67","11","10","1","0","0","33.3","0","0","1","0","33.3","0","0","0","0","0","0","0","0","0","0","0","0","0","0","0","0","0","0","0","0","0","0","0","2.1","0.01","2.1"
"Jeremy Ruckert","NYJ","17","TE","28","23","0","179","0","1","0","2","82.1","3.75","6.39","7.78","4.48","6","3","1","21.4","13","100","2","1","7.1","4.3","100","0","0","0","0","0","0","0","0","0","0","0","0","0","0","0","0","0","0","0","0","0","46.9","0.09","2.04"
"Tommy Tremble","CAR","17","TE","36","27","1","249","0","2","0","2","75","4.25","6.92","9.22","6.22","7","4","2","19.4","14.8","100","1","1","2.8","3.7","50","0","0","0","0","0","0","0","0","0","0","0","0","0","0","0","0","0","0","0","0","0","63.9","0.1","2.37"
"Brevyn Spann-Ford","DAL","17","TE","13","9","0","90","0","1","0","0","69.2","9.08","6.92","10","3.78","4","4","1","30.8","44.4","100","1","1","7.7","11.1","100","0","0","0","0","0","0","0","0","0","0","0","0","0","0","0","0","0","0","0","0","0","24","0.08","2.67"
"Chigoziem Okonkwo","TEN","17","TE","76","56","1","560","0","2","1","3","73.7","4.89","7.37","10","6.16","8","4","1","10.5","7.1","50","1","0","1.3","0","0","0","0","0","0","0","0","0","0","0","0","0","0","0","0","0","0","0","0","0","0","0","124","0.19","2.21"
"David Martin-Robinson","TEN","15","TE","5","4","0","30","0","1","0","0","80","6.6","6","7.5","4.25","1","1","1","20","25","100","1","1","20","25","100","0","0","0","0","0","0","0","0","0","0","0","0","0","0","0","0","0","0","0","0","0","13","0.1","3.25"
"James Mitchell","CAR","5","TE","3","3","0","28","0","0","0","0","100","2","9.33","9.33","7.33","0","0","0","0","0","0","0","0","0","0","0","0","0","0","0","0","0","0","0","0","0","0","0","0","0","0","0","0","0","0","0","0","5.8","0.13","1.93"
"Blake Whiteheart","CLV","16","TE","5","2","0","4","0","0","0","0","40","7.4","0.8","2","0.5","0","0","0","0","0","0","0","0","0","0","0","0","0","0","0","0","0","0","0","0","0","1","0","0","0","0","0","0","0","0","0","0","2.4","0.01","1.2"
"Trey McBride","ARZ","17","TE","163","126","0","1239","3","11","0","1","77.3","7","7.6","9.83","4.58","48","32","11","29.4","25.4","100","18","8","11","6.3","72.7","0","0","0","0","0","0","0","0","0","0","0","0","0","0","0","0","0","0","0","0","1","315.9","0.31","2.51"
"Jake Ferguson","DAL","17","TE","100","82","0","600","0","8","0","4","82","4.98","6","7.32","3.76","27","16","7","27","19.5","87.5","12","6","12","7.3","75","1","0","1","0","0","0","1","2","1","1","3","0","0","0","0","0","0","0","0","1","1","190.1","0.24","2.29"
"Travis Vokolek","ARZ","3","TE","0","0","0","0","0","0","0","0","0","0","0","0","0","0","0","0","0","0","0","0","0","0","0","0","0","0","0","0","0","0","0","0","0","0","0","0","0","0","0","0","0","0","0","0","0","0","0",""
"Grant Calcaterra","PHI","15","TE","12","9","0","76","0","1","0","1","75","5.92","6.33","8.44","3.56","3","2","1","25","22.2","100","1","1","8.3","11.1","100","0","0","0","0","0","0","0","0","0","0","0","0","0","0","0","0","0","0","0","0","0","22.6","0.06","2.51"
"Cole Kmet","CHI","16","TE","45","30","0","347","0","2","0","2","66.7","9.44","7.71","11.57","4.97","9","4","2","20","13.3","100","4","2","8.9","6.7","100","0","0","0","0","0","0","0","0","0","0","0","0","0","0","0","0","0","0","0","1","1","76.7","0.1","2.56"
"Brenden Bates","CLV","9","TE","5","4","0","48","0","0","0","1","80","8","9.6","12","2.25","1","0","0","20","0","0","0","0","0","0","0","0","0","0","0","0","0","0","0","0","0","0","0","0","0","0","0","0","0","0","0","0","8.8","0.06","2.2"
"Anthony Firkser","DET","7","TE","9","8","0","53","0","0","0","0","88.9","4.78","5.89","6.63","1.75","3","3","0","33.3","37.5","0","0","0","0","0","0","0","0","0","0","0","0","0","0","0","0","0","0","0","0","0","0","0","0","0","0","0","13.3","0.07","1.66"
"Dallas Goedert","PHI","15","TE","78","60","0","591","1","11","0","3","76.9","7.15","7.58","9.85","4.07","20","17","11","25.6","28.3","100","5","3","6.4","5","27.3","0","0","0","0","0","0","0","0","0","0","0","0","0","0","0","0","0","0","0","0","0","185.1","0.24","3.08"
"Sean McKeon","IND","1","TE","0","0","0","0","0","0","0","0","0","0","0","0","0","0","0","0","0","0","0","0","0","0","0","0","0","0","0","0","0","0","0","0","0","0","0","0","0","0","0","0","0","0","0","0","0","0","0",""
"Ian Thomas","LV","15","TE","13","13","0","114","0","0","0","0","100","2.92","8.77","8.77","5.85","1","1","0","7.7","7.7","0","0","0","0","0","0","0","0","0","0","0","0","0","0","0","0","0","0","0","0","0","0","0","0","0","0","0","24.4","0.08","1.88"
"Albert Okwuegbunam","LV","1","TE","6","5","0","36","0","0","0","0","83.3","3.83","6","7.2","6.8","1","0","0","16.7","0","0","1","0","16.7","0","0","0","0","0","0","0","0","0","0","0","0","0","0","0","0","0","0","0","0","0","0","0","8.6","0.28","1.72"
"Ko Kieft","TB","3","TE","0","0","0","0","0","0","0","0","0","0","0","0","0","0","0","0","0","0","0","0","0","0","0","0","0","0","0","0","0","0","0","0","0","0","0","0","0","0","0","0","0","0","0","0","0","0","0",""
"T.J. Hockenson","MIN","15","TE","64","51","0","438","0","3","0","4","79.7","5.17","6.84","8.59","4.39","17","12","3","26.6","23.5","100","3","2","4.7","3.9","66.7","1","0","0","0","0","0","0","0","0","0","0","1","0","100","0","0","0","0","0","0","0","112.8","0.16","2.17"
"Tanner Conner","NYG","9","TE","15","9","0","91","0","0","0","2","60","8.4","6.07","10.11","4.11","3","1","0","20","11.1","0","1","0","6.7","0","0","0","0","0","0","0","0","0","0","0","0","0","0","0","0","0","0","0","0","0","0","0","18.1","0.1","2.01"
"Giovanni Ricci","DET","3","TE","1","0","0","0","0","0","0","0","0","3","0","0","0","1","0","0","100","0","0","1","0","100","0","0","0","0","0","0","0","0","0","0","0","0","0","0","0","0","0","0","0","0","0","0","0","0","0",""
"Jonnu Smith","PIT","17","TE","54","38","0","222","0","2","0","2","70.4","4.54","4.11","5.84","4.76","8","4","2","14.8","10.5","100","2","1","3.7","2.6","50","9","0","70","0","1","0","7.78","5.67","3","0.33","1","2","1","22.2","100","0","0","0","0","0","1","85.2","0.16","1.81"
"David Njoku","CLV","12","TE","46","33","0","293","0","4","0","2","71.7","5.89","6.37","8.88","5.03","8","6","4","17.4","18.2","100","4","3","8.7","9.1","75","0","0","0","0","0","0","0","0","0","0","0","0","0","0","0","0","0","0","0","0","0","86.3","0.17","2.62"
"Chris Manhertz","NYG","17","TE","2","1","0","7","0","0","0","0","50","6.5","3.5","7","6","1","0","0","50","0","0","0","0","0","0","0","0","0","0","0","0","0","0","0","0","0","0","0","0","0","0","0","0","0","0","0","0","1.7","0.01","1.7"
"Colston Loveland","CHI","16","TE","81","58","1","713","1","6","1","1","71.6","9.48","8.8","12.29","4.53","22","15","5","27.2","25.9","83.3","6","3","7.4","5.2","50","1","0","-2","0","0","0","-2","0","0","0","0","1","0","100","0","0","0","0","0","0","1","165.1","0.24","2.8"
"Zach Horton","DET","2","TE","0","0","0","0","0","0","0","0","0","0","0","0","0","0","0","0","0","0","0","0","0","0","0","0","0","0","0","0","0","0","0","0","0","0","0","0","0","0","0","0","0","0","0","0","0","0","0",""
"Mitchell Evans","CAR","17","TE","22","19","0","171","0","2","0","1","86.4","4","7.77","9","5.63","4","3","2","18.2","15.8","100","2","1","9.1","5.3","50","1","0","1","0","0","0","1","1","0","0","0","0","0","0","0","0","0","0","0","0","0","48.2","0.12","2.41"
"Terrance Ferguson","LA","13","TE","25","11","0","231","0","3","0","1","44","18.32","9.24","21","3.36","9","3","3","36","27.3","100","6","3","24","27.3","100","1","0","0","0","0","0","0","1","0","0","0","1","0","100","0","0","0","0","0","0","0","52.1","0.15","4.34"
"Keleki Latu","BUF","5","TE","4","4","0","35","0","0","0","0","100","2.75","8.75","8.75","6","0","0","0","0","0","0","0","0","0","0","0","0","0","0","0","0","0","0","0","0","0","0","0","0","0","0","0","0","0","0","0","0","7.5","0.09","1.88"
"Zaire Mitchell-Paden","NO","8","TE","3","2","0","17","0","0","0","0","66.7","6.67","5.67","8.5","2.5","1","0","0","33.3","0","0","1","0","33.3","0","0","0","0","0","0","0","0","0","0","0","0","0","0","0","0","0","0","0","0","0","0","0","3.7","0.03","1.85"
"Thomas Fidone II","NYG","2","TE","0","0","0","0","0","0","0","0","0","0","0","0","0","0","0","0","0","0","0","0","0","0","0","0","0","0","0","0","0","0","0","0","0","0","0","0","0","0","0","0","0","0","0","0","0","0","0",""
"Gunnar Helm","TEN","16","TE","54","44","0","357","0","2","0","3","81.5","5.69","6.61","8.11","3.73","12","7","2","22.2","15.9","100","4","1","7.4","2.3","50","0","0","0","0","0","0","0","0","0","0","0","0","0","0","0","0","0","0","0","0","0","91.7","0.17","2.08"
"Ja'Tavion Sanders","CAR","13","TE","33","29","0","190","0","1","0","2","87.9","5.18","5.76","6.55","2.93","11","9","1","33.3","31","100","2","1","6.1","3.4","100","0","0","0","0","0","0","0","0","0","0","0","0","0","0","0","0","0","0","0","0","0","54","0.14","1.86"
"Oronde Gadsden II","LAC","15","TE","68","49","2","664","1","3","0","6","72.1","9.43","9.76","13.55","4.43","19","11","3","27.9","22.4","100","6","2","8.8","4.1","66.7","0","0","0","0","0","0","0","0","0","0","1","0","0","0","0","0","0","0","0","0","0","133.4","0.21","2.72"
"Zach Davidson","NYG","1","TE","0","0","0","0","0","0","0","0","0","0","0","0","0","0","0","0","0","0","0","0","0","0","0","0","0","0","0","0","0","0","0","0","0","0","0","0","0","0","0","0","0","0","0","0","0","0","0",""
"Andrew Ogletree","IND","15","TE","6","4","0","27","0","1","0","0","66.7","7.67","4.5","6.75","2","2","2","1","33.3","50","100","1","1","16.7","25","100","0","0","0","0","0","0","0","0","0","0","0","0","0","0","0","0","0","0","0","0","0","12.7","0.06","3.17"
"Cam Grandy","CIN","5","TE","2","2","0","7","0","0","0","0","100","-3","3.5","3.5","6.5","0","0","0","0","0","0","0","0","0","0","0","0","0","0","0","0","0","0","0","0","0","1","0","0","0","0","0","0","0","0","0","0","2.7","0.1","1.35"
"Benjamin Yurosek","MIN","12","TE","3","2","0","14","0","0","0","0","66.7","4","4.67","7","4","0","0","0","0","0","0","0","0","0","0","0","0","0","0","0","0","0","0","0","0","0","0","0","0","0","0","0","0","0","0","0","0","3.4","0.03","1.7"
"Theo Johnson","NYG","15","TE","72","45","2","528","0","5","1","7","62.5","8.86","7.33","11.73","4.27","20","9","4","27.8","20","80","7","2","9.7","4.4","40","0","0","0","0","0","0","0","0","0","0","0","0","0","0","0","0","0","0","0","0","0","127.8","0.15","2.84"
"AJ Barner","SEA","17","TE","64","52","1","519","0","6","0","2","81.3","5.34","8.11","9.98","5.15","15","12","6","23.4","23.1","100","5","3","7.8","5.8","50","10","0","14","0","1","0","1.4","0.8","0","0","2","3","1","30","100","1","1","10","100","0","0","147.3","0.18","2.38"
"Michael Mayer","LV","13","TE","47","35","0","328","0","1","0","2","74.5","4.81","6.98","9.37","5.71","10","7","1","21.3","20","100","0","0","0","0","0","0","0","0","0","0","0","0","0","0","0","1","0","0","0","0","0","0","0","0","0","0","73.8","0.16","2.11"
"Drake Dabney","GB","2","TE","2","1","0","3","0","0","0","0","50","5.5","1.5","3","0","1","0","0","50","0","0","0","0","0","0","0","0","0","0","0","0","0","0","0","0","0","0","0","0","0","0","0","0","0","0","0","0","1.3","0.03","1.3"
"E.J. Jenkins","PHI","2","TE","0","0","0","0","0","0","0","0","0","0","0","0","0","0","0","0","0","0","0","0","0","0","0","0","0","0","0","0","0","0","0","0","0","0","0","0","0","0","0","0","0","0","0","0","0","0","0",""
"Adam Trautman","DEN","17","TE","23","20","0","195","0","1","0","1","87","5.17","8.48","9.75","5.1","2","2","1","8.7","10","100","1","1","4.3","5","100","0","0","0","0","0","0","0","0","0","0","0","0","0","0","0","0","0","0","0","0","0","45.5","0.07","2.27"
"Tucker Kraft","GB","8","TE","40","32","2","489","2","6","0","3","80","4.83","12.22","15.28","10.84","14","12","6","35","37.5","100","2","2","5","6.3","33.3","1","0","3","0","0","0","3","1","0","0","0","0","0","0","0","0","0","0","0","0","0","117.2","0.27","3.55"
"Brenton Strange","JAX","12","TE","59","46","0","540","0","3","0","3","78","7","9.15","11.74","5.59","15","10","3","25.4","21.7","100","3","3","5.1","6.5","100","0","0","0","0","0","0","0","0","0","0","0","0","0","0","0","0","0","0","0","0","0","118","0.2","2.57"
"Nick Kallerup","SEA","9","TE","1","0","0","0","0","0","0","0","0","7","0","0","0","1","0","0","100","0","0","0","0","0","0","0","0","0","0","0","0","0","0","0","0","0","0","0","0","0","0","0","0","0","0","0","0","0","0",""
"Cade Stover","HST","9","TE","16","12","0","76","0","0","0","2","75","1.88","4.75","6.33","4.33","4","4","0","25","33.3","0","0","0","0","0","0","4","0","3","0","0","0","0.75","0","0","0","0","3","0","75","0","0","0","0","0","0","0","19.9","0.08","1.24"
"Luke Musgrave","GB","17","TE","31","24","0","252","0","0","0","2","77.4","8.32","8.13","10.5","3.08","2","1","0","6.5","4.2","0","0","0","0","0","0","0","0","0","0","0","0","0","0","0","0","1","0","0","0","0","0","0","0","0","0","0","49.2","0.12","2.05"
"Treyton Welch","NO","3","TE","0","0","0","0","0","0","0","0","0","0","0","0","0","0","0","0","0","0","0","0","0","0","0","0","0","0","0","0","0","0","0","0","0","0","0","0","0","0","0","0","0","0","0","0","0","0","0",""
"Elijah Higgins","ARZ","17","TE","36","30","0","301","0","0","0","0","83.3","4.14","8.36","10.03","7.03","4","2","0","11.1","6.7","0","1","0","2.8","0","0","0","0","0","0","0","0","0","0","0","0","1","0","0","0","0","0","0","0","0","0","0","60.1","0.13","2"
"Dalton Kincaid","BUF","12","TE","49","39","1","571","2","5","0","2","79.6","9.53","11.65","14.64","6.67","11","7","5","22.4","17.9","100","4","2","8.2","5.1","40","0","0","0","0","0","0","0","0","0","0","1","0","0","0","0","0","0","0","0","0","1","126.1","0.42","3.23"
"Julian Hill","MIA","14","TE","19","15","0","140","0","0","0","1","78.9","3.74","7.37","9.33","7.47","3","1","0","15.8","6.7","0","1","0","5.3","0","0","0","0","0","0","0","0","0","0","0","0","0","0","0","0","0","0","0","0","0","1","1","29","0.07","1.93"
"Nate Adkins","DEN","9","TE","10","6","0","48","0","1","0","3","60","4","4.8","8","4.17","2","1","1","20","16.7","100","1","0","10","0","0","0","0","0","0","0","0","0","0","0","0","0","0","0","0","0","0","0","0","0","0","0","16.8","0.08","2.8"
"Pat Freiermuth","PIT","17","TE","53","41","1","486","1","4","1","1","77.4","6.51","9.17","11.85","6.32","12","6","3","22.6","14.6","75","5","2","9.4","4.9","50","0","0","0","0","0","0","0","0","0","0","0","0","0","0","0","0","0","0","0","0","0","113.6","0.22","2.77"
"Teagan Quitoriano","ATL","15","TE","0","0","0","0","0","0","0","0","0","0","0","0","0","0","0","0","0","0","0","0","0","0","0","0","0","0","0","0","0","0","0","0","0","0","0","0","0","0","0","0","0","0","0","0","0","0","0",""
"Luke Schoonmaker","DAL","17","TE","23","14","0","132","0","0","0","1","60.9","6.96","5.74","9.43","6.07","3","1","0","13","7.1","0","1","0","4.3","0","0","0","0","0","0","0","0","0","0","0","0","0","0","0","0","0","0","0","0","0","0","0","27.2","0.07","1.94"
"John FitzPatrick","GB","15","TE","16","12","0","72","0","1","0","2","75","2.75","4.5","6","4.58","5","2","1","31.3","16.7","100","2","1","12.5","8.3","100","0","0","0","0","0","0","0","0","0","0","0","0","0","0","0","0","0","0","0","0","0","25.2","0.08","2.1"
"Kyle Pitts","ATL","17","TE","114","88","0","928","1","5","0","4","77.2","7.46","8.14","10.55","4.53","21","12","5","18.4","13.6","100","5","3","4.4","3.4","60","0","0","0","0","0","0","0","0","0","0","0","0","0","0","0","0","0","0","0","0","1","210.8","0.22","2.4"
"Lucas Krull","DEN","3","TE","4","2","0","15","0","0","0","0","50","5","3.75","7.5","1.5","0","0","0","0","0","0","0","0","0","0","0","0","0","0","0","0","0","0","0","0","0","0","0","0","0","0","0","0","0","0","0","0","3.5","0.07","1.75"
"Isaiah Likely","BLT","14","TE","34","27","1","307","0","1","0","1","79.4","7.91","9.03","11.37","4.52","5","3","1","14.7","11.1","100","2","1","5.9","3.7","100","0","0","0","0","0","0","0","0","0","0","2","0","0","0","0","0","0","0","0","0","0","63.7","0.13","2.36"
"Colson Yankoff","WAS","14","TE","2","2","0","18","0","0","0","0","100","7","9","9","2","0","0","0","0","0","0","0","0","0","0","0","0","0","0","0","0","0","0","0","0","0","0","0","0","0","0","0","0","0","0","0","0","3.8","0.04","1.9"
"Cameron Latu","PHI","15","TE","0","0","0","0","0","0","0","0","0","0","0","0","0","0","0","0","0","0","0","0","0","0","0","0","0","0","0","0","0","0","0","0","0","0","0","0","0","0","0","0","0","0","0","0","0","0","0",""
"Ben Sims","MIN","9","TE","5","3","0","30","0","0","0","0","60","9.2","6","10","1.33","2","1","0","40","33.3","0","0","0","0","0","0","0","0","0","0","0","0","0","0","0","0","0","0","0","0","0","0","0","0","0","0","0","6","0.07","2"
"Brayden Willis","SF","6","TE","1","0","0","0","0","0","0","0","0","2","0","0","0","0","0","0","0","0","0","0","0","0","0","0","0","0","0","0","0","0","0","0","0","0","0","0","0","0","0","0","0","0","0","0","0","0","0",""
"Will Mallory","IND","2","TE","1","1","0","16","0","0","0","0","100","16","16","16","0","0","0","0","0","0","0","0","0","0","0","0","0","0","0","0","0","0","0","0","0","0","0","0","0","0","0","0","0","0","0","0","0","2.6","0.16","2.6"
"Tanner Hudson","CIN","13","TE","23","19","0","168","0","2","0","0","82.6","5.96","7.3","8.84","4.47","7","4","2","30.4","21.1","100","3","2","13","10.5","100","0","0","0","0","0","0","0","0","0","0","0","0","0","0","0","0","0","0","0","0","0","47.8","0.32","2.52"
"Quintin Morris","JAX","12","TE","7","6","0","55","0","1","0","0","85.7","7.71","7.86","9.17","3.5","3","2","1","42.9","33.3","100","0","0","0","0","0","0","0","0","0","0","0","0","0","0","0","0","0","0","0","0","0","0","0","0","0","0","17.5","0.08","2.92"
"Cade Otton","TB","16","TE","80","59","0","572","0","1","0","2","73.8","5.14","7.15","9.69","5.2","9","4","1","11.3","6.8","100","1","0","1.3","0","0","0","0","0","0","0","0","0","0","0","0","0","0","0","0","0","0","0","0","0","0","1","122.2","0.12","2.07"
"Brock Wright","DET","11","TE","19","14","0","108","0","2","0","1","73.7","2.42","5.68","7.71","5.93","3","2","2","15.8","14.3","100","1","1","5.3","7.1","50","0","0","0","0","0","0","0","0","0","0","0","0","0","0","0","0","0","0","0","0","0","36.8","0.09","2.63"
"Charlie Kolar","BLT","17","TE","13","10","0","142","0","2","0","0","76.9","9.54","10.92","14.2","5.1","3","2","2","23.1","20","100","1","1","7.7","10","50","0","0","0","0","0","0","0","0","0","0","0","0","0","0","0","0","0","0","0","0","0","36.2","0.09","3.62"
"Noah Gray","KC","16","TE","33","21","0","178","0","0","0","2","63.6","6.18","5.39","8.48","5.29","3","0","0","9.1","0","0","1","0","3","0","0","0","0","0","0","0","0","0","0","0","0","0","0","0","0","0","0","0","0","0","0","0","38.8","0.07","1.85"
"Jake Tonges","SF","16","TE","43","34","0","293","0","5","0","1","79.1","5.93","6.81","8.62","4.44","9","6","4","20.9","17.6","80","5","4","11.6","11.8","80","0","0","0","0","0","0","0","0","0","0","0","0","0","0","0","0","0","0","0","0","0","93.3","0.23","2.74"
"Hunter Long","JAX","9","TE","15","12","0","85","0","2","0","3","80","4.13","5.67","7.08","2.83","4","3","2","26.7","25","100","2","2","13.3","16.7","100","0","0","0","0","0","0","0","0","0","0","1","0","0","0","0","0","0","0","0","0","0","32.5","0.13","2.71"
"Sal Cannella","CLV","2","TE","5","2","0","11","0","0","0","1","40","11.8","2.2","5.5","2.5","1","0","0","20","0","0","1","0","20","0","0","0","0","0","0","0","0","0","0","0","0","0","0","0","0","0","0","0","0","0","0","0","3.1","0.11","1.55"
"Jelani Woods","NYJ","4","TE","2","1","0","4","0","0","0","0","50","5","2","4","2","0","0","0","0","0","0","0","0","0","0","0","0","0","0","0","0","0","0","0","0","0","0","0","0","0","0","0","0","0","0","0","0","1.4","0.02","1.4"
"Stone Smartt","NYJ","8","TE","9","7","0","52","0","0","0","0","77.8","4.78","5.78","7.43","3.71","0","0","0","0","0","0","0","0","0","0","0","0","0","0","0","0","0","0","0","0","0","0","0","0","0","0","0","0","0","0","0","0","12.2","0.15","1.74"
"Connor Heyward","PIT","15","TE","4","3","0","21","0","1","0","0","75","9.75","5.25","7","2","2","1","1","50","33.3","100","2","1","50","33.3","100","15","0","43","0","2","0","2.87","0.73","0","0","0","6","2","40","100","4","2","26.7","100","0","0","27.4","0.3","1.52"
"Josh Whyle","GB","8","TE","6","5","0","36","0","1","0","0","83.3","3.33","6","7.2","4.6","1","1","1","16.7","20","100","1","1","16.7","20","100","0","0","0","0","0","0","0","0","0","0","0","0","0","0","0","0","0","0","0","0","0","14.6","0.08","2.92"
"Tucker Fisk","LAC","10","TE","3","2","0","19","0","0","0","1","66.7","0.67","6.33","9.5","10.5","0","0","0","0","0","0","0","0","0","0","0","0","0","0","0","0","0","0","0","0","0","0","0","0","0","0","0","0","0","0","0","0","3.9","0.02","1.95"
"Colby Parkinson","LA","15","TE","57","43","0","408","0","8","0","5","75.4","5.07","7.16","9.49","6.42","23","16","8","40.4","37.2","100","8","4","14","9.3","50","0","0","0","0","0","0","0","0","0","0","1","0","0","0","0","0","0","0","0","0","0","131.8","0.21","3.07"
"Mark Andrews","BLT","17","TE","65","48","0","422","0","5","0","3","73.8","8.02","6.49","8.79","2.15","17","8","5","26.2","16.7","100","9","3","13.8","6.3","60","10","0","48","0","1","0","4.8","0.6","0","0","1","3","0","30","0","3","0","30","0","0","1","131","0.21","2.26"
"Dalton Schultz","HST","17","TE","102","82","1","777","0","3","0","1","80.4","6.62","7.62","9.48","4.41","17","8","3","16.7","9.8","100","6","3","5.9","3.7","100","0","0","0","0","0","0","0","0","0","0","1","0","0","0","0","0","0","0","0","0","1","177.7","0.21","2.17"
"Drew Sample","CIN","17","TE","17","15","0","106","0","1","0","0","88.2","-0.06","6.24","7.07","7.07","1","1","1","5.9","6.7","100","0","0","0","0","0","1","0","3","0","0","0","3","2","0","0","0","0","0","0","0","0","0","0","0","0","0","31.9","0.05","1.99"
"Durham Smythe","CHI","17","TE","6","4","0","25","0","0","0","1","66.7","3.5","4.17","6.25","3.75","1","1","0","16.7","25","0","0","0","0","0","0","0","0","0","0","0","0","0","0","0","0","0","0","0","0","0","0","0","0","0","0","0","6.5","0.02","1.63"
"Mike Gesicki","CIN","13","TE","42","28","0","307","0","2","0","0","66.7","10.5","7.31","10.96","2.43","11","4","2","26.2","14.3","100","5","2","11.9","7.1","100","0","0","0","0","0","0","0","0","0","0","0","0","0","0","0","0","0","0","0","0","1","70.7","0.22","2.52"
"Tyler Conklin","LAC","10","TE","10","7","0","101","0","0","0","2","70","4.4","10.1","14.43","8.43","1","1","0","10","14.3","0","0","0","0","0","0","1","0","2","0","0","0","2","2","0","0","1","0","0","0","0","0","0","0","0","0","0","17.3","0.1","2.16"
"Josh Oliver","MIN","15","TE","18","15","0","160","0","4","0","0","83.3","2.83","8.89","10.67","6.87","7","6","4","38.9","40","100","0","0","0","0","0","0","0","0","0","0","0","0","0","0","0","0","0","0","0","0","0","0","0","0","0","1","55","0.14","3.67"
"Foster Moreau","NO","11","TE","10","7","0","59","0","0","0","1","70","2.6","5.9","8.43","6","1","1","0","10","14.3","0","0","0","0","0","0","0","0","0","0","0","0","0","0","0","0","0","0","0","0","0","0","0","0","0","0","0","12.9","0.05","1.84"
"Josiah Deguara","ARZ","11","TE","4","3","0","21","0","1","0","0","75","5.5","5.25","7","1.67","1","1","1","25","33.3","100","1","1","25","33.3","100","0","0","0","0","0","0","0","0","0","0","0","0","0","0","0","0","0","0","0","0","0","11.1","0.13","3.7"
"Noah Fant","CIN","15","TE","38","34","0","288","0","3","0","1","89.5","3.74","7.58","8.47","5.21","4","3","3","10.5","8.8","100","3","3","7.9","8.8","100","0","0","0","0","0","0","0","0","0","0","3","0","0","0","0","0","0","0","0","0","0","80.8","0.21","2.38"
"Luke Farrell","SF","17","TE","12","11","0","85","0","2","0","0","91.7","3.33","7.08","7.73","5","4","3","2","33.3","27.3","100","1","0","8.3","0","0","0","0","0","0","0","0","0","0","0","0","1","0","0","0","0","0","0","0","0","0","0","31.5","0.08","2.86"
"John Bates","WAS","15","TE","14","11","0","103","0","1","0","1","78.6","4.71","7.36","9.36","6.27","1","1","1","7.1","9.1","100","1","1","7.1","9.1","100","0","0","0","0","0","0","0","0","0","0","0","0","0","0","0","0","0","0","0","0","0","27.3","0.06","2.48"
"Charlie Woerner","ATL","17","TE","8","8","0","48","0","0","0","0","100","1.38","6","6","4.63","1","1","0","12.5","12.5","0","0","0","0","0","0","0","0","0","0","0","0","0","0","0","0","0","0","0","0","0","0","0","0","0","0","0","12.8","0.02","1.6"
"Jack Stoll","NO","15","TE","10","6","0","46","0","1","0","0","60","4.8","4.6","7.67","3","2","1","1","20","16.7","100","1","1","10","16.7","100","0","0","0","0","0","0","0","0","0","0","0","0","0","0","0","0","0","0","0","0","0","16.6","0.08","2.77"
"Kylen Granson","PHI","17","TE","9","7","0","40","0","0","0","1","77.8","7.56","4.44","5.71","1.71","1","1","0","11.1","14.3","0","0","0","0","0","0","0","0","0","0","0","0","0","0","0","0","0","0","0","0","0","0","0","0","0","0","0","11","0.04","1.57"
"Feleipe Franks","ATL","7","TE","0","0","0","0","0","0","0","0","0","0","0","0","0","0","0","0","0","0","0","0","0","0","0","0","2","0","4","0","0","0","2","0.5","0","0","0","0","0","0","0","0","0","0","0","0","0","0.4","0.03","0.2"
"Dawson Knox","BUF","17","TE","48","36","0","417","0","4","0","4","75","7.46","8.69","11.58","5.08","17","12","4","35.4","33.3","100","6","3","12.5","8.3","75","0","0","0","0","0","0","0","0","0","0","0","0","0","0","0","0","0","0","0","1","1","101.7","0.16","2.83"
"Lawrence Cager","WAS","1","TE","0","0","0","0","0","0","0","0","0","0","0","0","0","0","0","0","0","0","0","0","0","0","0","0","0","0","0","0","0","0","0","0","0","0","0","0","0","0","0","0","0","0","0","0","0","0","0",""
"Will Dissly","LAC","9","TE","15","11","0","97","0","0","0","1","73.3","4.13","6.47","8.82","6.18","1","1","0","6.7","9.1","0","0","0","0","0","0","0","0","0","0","0","0","0","0","0","0","0","0","0","0","0","0","0","0","0","0","0","20.7","0.11","1.88"
"Juwan Johnson","NO","17","TE","100","77","1","889","0","3","0","7","77","7.63","8.89","11.55","4.71","17","11","3","17","14.3","100","4","1","4","1.3","33.3","0","0","0","0","0","0","0","0","0","0","2","0","0","0","0","0","0","0","0","0","0","183.9","0.22","2.39"
"Harrison Bryant","HST","12","TE","4","2","0","7","0","0","0","0","50","11.75","1.75","3.5","0","1","0","0","25","0","0","0","0","0","0","0","0","0","0","0","0","0","0","0","0","0","0","0","0","0","0","0","0","0","0","0","0","2.7","0.02","1.35"
"Ross Dwelley","DET","10","TE","4","2","0","7","0","0","0","0","50","1.75","1.75","3.5","3.5","2","1","0","50","50","0","1","0","25","0","0","0","0","0","0","0","0","0","0","0","0","0","0","0","0","0","0","0","0","0","0","0","2.7","0.02","1.35"
"Pharaoh Brown","ARZ","7","TE","2","2","0","1","0","0","0","0","100","0","0.5","0.5","0.5","1","1","0","50","50","0","0","0","0","0","0","0","0","0","0","0","0","0","0","0","0","0","0","0","0","0","0","0","0","0","0","0","2.1","0.04","1.05"
"Johnny Mundt","JAX","16","TE","17","9","0","111","0","0","0","3","52.9","6.06","6.53","12.33","8.44","2","1","0","11.8","11.1","0","0","0","0","0","0","0","0","0","0","0","0","0","0","0","0","0","0","0","0","0","0","0","0","0","0","0","20.1","0.05","2.23"
"Robert Tonyan","KC","16","TE","1","1","0","1","0","0","0","0","100","1","1","1","0","0","0","0","0","0","0","0","0","0","0","0","0","0","0","0","0","0","0","0","0","0","0","0","0","0","0","0","0","0","0","0","0","1.1","0.01","1.1"
"Taysom Hill","NO","13","TE","15","11","0","91","0","0","0","3","73.3","1.33","6.07","8.27","8","2","1","0","13.3","9.1","0","0","0","0","0","0","52","0","114","0","1","0","2.19","2.42","4","0.08","3","13","1","25","100","3","1","5.8","100","0","0","37.5","0.18","0.6"
"Mo Alie-Cox","IND","17","TE","19","13","0","117","0","1","0","1","68.4","5.53","6.16","9","6","8","5","1","42.1","38.5","100","1","1","5.3","7.7","100","0","0","0","0","0","0","0","0","0","0","0","0","0","0","0","0","0","0","0","0","0","30.7","0.07","2.36"
"Eric Saubert","SEA","11","TE","5","4","0","31","0","0","0","0","80","6","6.2","7.75","4","3","2","0","60","50","0","0","0","0","0","0","0","0","0","0","0","0","0","0","0","0","0","0","0","0","0","0","0","0","0","1","1","7.1","0.03","1.77"
"George Kittle","SF","11","TE","66","57","0","628","1","7","0","2","86.4","7.12","9.52","11.02","4.54","20","17","7","30.3","29.8","100","5","4","7.6","7","57.1","1","0","-3","0","0","0","-3","3","1","1","0","1","0","100","0","0","0","0","0","0","0","161.5","0.29","2.78"
"Evan Engram","DEN","16","TE","71","50","1","461","0","1","0","4","70.4","4.17","6.49","9.22","5.92","14","9","1","19.7","18","100","2","0","2.8","0","0","1","0","7","0","0","0","7","1","0","0","0","0","0","0","0","0","0","0","0","0","1","102.8","0.22","2.02"
"Tyler Higbee","LA","10","TE","35","25","0","281","0","3","0","3","71.4","6.11","8.03","11.24","5.48","10","8","3","28.6","32","100","1","1","2.9","4","33.3","0","0","0","0","0","0","0","0","0","0","0","0","0","0","0","0","0","0","0","0","0","71.1","0.19","2.84"
"Nick Vannett","LA","5","TE","0","0","0","0","0","0","0","0","0","0","0","0","0","0","0","0","0","0","0","0","0","0","0","0","0","0","0","0","0","0","0","0","0","0","0","0","0","0","0","0","0","0","0","0","0","0","0",""
"Austin Hooper","NE","16","TE","26","21","0","263","0","2","0","0","80.8","9.12","10.12","12.52","4.33","8","7","2","30.8","33.3","100","2","2","7.7","9.5","100","0","0","0","0","0","0","0","0","0","0","0","0","0","0","0","0","0","0","0","0","0","59.3","0.12","2.82"
"Hunter Henry","NE","17","TE","83","60","0","768","1","7","0","4","72.3","8.2","9.25","12.8","5.62","25","18","6","30.1","30","85.7","5","2","6","3.3","28.6","0","0","0","0","0","0","0","0","0","0","0","0","0","0","0","0","0","0","0","0","0","178.8","0.21","2.98"
"Darren Waller","MIA","9","TE","34","24","0","283","0","6","0","0","70.6","11.91","8.32","11.79","2.88","8","7","6","23.5","29.2","100","7","6","20.6","25","100","1","0","4","0","0","0","4","3","0","0","0","0","0","0","0","0","0","0","0","0","1","88.7","0.38","3.55"
"Travis Kelce","KC","17","TE","103","76","1","851","0","5","0","7","73.8","6.9","8.26","11.2","5.66","15","9","4","14.6","11.8","80","3","2","2.9","2.6","40","1","0","1","0","0","0","1","0","0","0","1","1","0","100","0","1","0","100","0","1","1","191.2","0.21","2.48"
"Zach Ertz","WAS","13","TE","72","50","0","504","1","4","0","7","69.4","9.31","7","10.08","2.6","11","6","4","15.3","12","100","6","2","8.3","4","50","0","0","0","0","0","0","0","0","0","0","1","0","0","0","0","0","0","0","0","1","1","124.4","0.23","2.49"
"Marcedes Lewis","DEN","5","TE","0","0","0","0","0","0","0","0","0","0","0","0","0","0","0","0","0","0","0","0","0","0","0","0","0","0","0","0","0","0","0","0","0","0","0","0","0","0","0","0","0","0","0","0","0","0","0",""